id,name,total_contract_value,status,contract_type,start_date,end_date,assigned_user_id,created_at,updated_at,deleted_at
03fee0b9-b8ec-4085-afdc-7717a712122b,"Gour, Loke and Nair AMC",155715,Active,Annual,2026-04-22,2026-10-04,6f9c7382-0bb3-450e-aef4-dc8380654217,2026-05-16 13:51:15.517855,2026-05-16 13:51:15.517856,
31eeacf7-5dff-4d2d-8501-7e07b1bc9a42,"Wali, Majumdar and Rau AMC",117407,Active,Annual,2025-06-09,2027-02-25,95287636-f2f6-4a35-8af3-a9fe68a5d1c0,2026-05-16 13:51:15.518088,2026-05-16 13:51:15.518089,
e61d0e4a-063d-48ec-85ce-5077df932558,Suresh Inc AMC,166383,Expiring Soon,AMC,2025-07-07,2026-11-05,0ef691cb-a3b6-4c00-93f4-b28b0fe40706,2026-05-16 13:51:15.518293,2026-05-16 13:51:15.518294,
5c88a61a-f5e6-49e0-ade6-5fab4f6ad1d8,Anne-Prashad AMC,10596,Active,Support,2026-04-23,2027-03-20,0ef691cb-a3b6-4c00-93f4-b28b0fe40706,2026-05-16 13:51:15.518498,2026-05-16 13:51:15.518499,
c8c9b389-2d78-49f2-95c1-0c1b9c8926ff,Varma-Kashyap AMC,106476,Expiring Soon,Annual,2026-02-28,2026-11-03,6f9c7382-0bb3-450e-aef4-dc8380654217,2026-05-16 13:51:15.518653,2026-05-16 13:51:15.518653,
727cecd5-157e-4611-ab75-86d22a60145d,"Bhargava, Sarna and Hegde AMC",190968,Expired,Annual,2025-05-16,2027-02-23,13815ae1-d9c7-4b60-877c-5b354527caac,2026-05-16 13:51:15.518811,2026-05-16 13:51:15.518812,
4c4b5a0a-5f81-4ec8-bb34-49a71bed0215,"Thakkar, Sur and Sha AMC",183895,Expiring Soon,Annual,2026-03-27,2026-11-30,f8ad7ff5-bd31-4f9e-934f-a32327b5c155,2026-05-16 13:51:15.518982,2026-05-16 13:51:15.518983,
ed53ebac-5595-49f4-892f-14694db7319b,Shukla-Dass AMC,12081,Active,Support,2026-02-11,2027-01-12,0c6634a5-fb54-4e6c-91ef-7ec0e2cc3378,2026-05-16 13:51:15.519132,2026-05-16 13:51:15.519132,
a0ec0392-4850-4599-a05b-a372179c0059,"Sabharwal, Kala and Sandhu AMC",65187,Active,AMC,2025-06-10,2026-09-18,95287636-f2f6-4a35-8af3-a9fe68a5d1c0,2026-05-16 13:51:15.519286,2026-05-16 13:51:15.519287,
adc451e3-f975-426f-8b74-68c2263e288e,Soni-Puri AMC,181080,Expired,Support,2026-01-31,2026-06-05,e441befa-88af-4f32-a4b7-caa2f90837a6,2026-05-16 13:51:15.519431,2026-05-16 13:51:15.519432,
96d497aa-470e-4abf-8f60-f197706e1ca6,Chopra LLC AMC,128193,Active,Annual,2026-01-30,2027-02-26,42050019-05f0-4de7-b45b-cea5eda7386f,2026-05-16 13:51:15.519577,2026-05-16 13:51:15.519578,
252e4535-ff3f-4559-913a-12b6ec8e7bae,Tandon Inc AMC,11238,Expiring Soon,Support,2025-06-09,2026-06-10,5adbfff5-e09e-439c-ac07-42c4619ce4f5,2026-05-16 13:51:15.519721,2026-05-16 13:51:15.519721,
b94b88d4-a1fe-40a2-8a16-f78c75604472,Palla-Bhattacharyya AMC,167956,Expiring Soon,Annual,2026-01-31,2026-08-30,fca4d392-94e8-47e1-bdb4-3dca1cb88b3a,2026-05-16 13:51:15.519863,2026-05-16 13:51:15.519864,
8ca45add-029c-406e-9d19-639e26052069,Memon Inc AMC,166209,Active,Annual,2025-11-14,2026-10-14,95287636-f2f6-4a35-8af3-a9fe68a5d1c0,2026-05-16 13:51:15.520007,2026-05-16 13:51:15.520008,
b82eb594-8e3a-452d-8e46-c63ab81f54fd,Singhal Group AMC,177215,Expiring Soon,AMC,2025-09-14,2026-07-30,e75d85fc-9d80-421a-aa90-2624363de215,2026-05-16 13:51:15.520148,2026-05-16 13:51:15.520149,
8755fcaa-8a9b-42ec-b21f-a612e1866b7b,"Bhatia, Mammen and Malhotra AMC",179662,Expired,Annual,2026-04-15,2027-04-03,f8ad7ff5-bd31-4f9e-934f-a32327b5c155,2026-05-16 13:51:15.520297,2026-05-16 13:51:15.520298,
8744439c-4f49-4267-a30b-de58b134ffd5,"Chawla, Verma and Singh AMC",89041,Active,Annual,2025-09-11,2027-03-11,0ef691cb-a3b6-4c00-93f4-b28b0fe40706,2026-05-16 13:51:15.520484,2026-05-16 13:51:15.520485,
30e5ca6e-c741-49c5-9892-14e74ec3917d,Swamy Group AMC,105208,Active,Support,2026-05-13,2026-06-14,7a1b7ad6-e2d2-4e32-9902-ba4caebc581d,2026-05-16 13:51:15.520627,2026-05-16 13:51:15.520628,
11d8fafc-841e-4366-9eeb-57bda5d50e57,Sibal-Narayan AMC,98420,Expiring Soon,AMC,2025-09-28,2026-05-24,f9140f89-9c0b-4ce1-8467-c50ef091fb7a,2026-05-16 13:51:15.520770,2026-05-16 13:51:15.520771,
1dbd9119-8e77-47c4-919d-2fe5573b7560,Gola-Malhotra AMC,25717,Expiring Soon,Annual,2025-08-09,2026-08-28,b6493aae-776e-4baa-a4f2-3d0a8ebbd3a3,2026-05-16 13:51:15.520913,2026-05-16 13:51:15.520913,
98d1298f-49ac-4ba7-beef-12263f10321b,Agarwal and Sons AMC,132975,Expired,Annual,2026-02-05,2026-09-14,e75d85fc-9d80-421a-aa90-2624363de215,2026-05-16 13:51:15.521055,2026-05-16 13:51:15.521056,
c8d4c195-e1e2-4345-9d37-651df91880af,Dayal Inc AMC,49086,Active,AMC,2026-04-10,2027-02-19,0c6634a5-fb54-4e6c-91ef-7ec0e2cc3378,2026-05-16 13:51:15.521197,2026-05-16 13:51:15.521197,
cfbdceb5-b8ba-470d-bee2-258777f3a2aa,Mann-Prashad AMC,134959,Expired,AMC,2025-06-03,2027-01-27,e43d49a0-a034-48f7-8094-69c8ec022f41,2026-05-16 13:51:15.521338,2026-05-16 13:51:15.521339,
c5eb9fc5-c7f1-46ea-99c6-1163cd990308,Dasgupta-Mander AMC,83088,Active,AMC,2026-01-01,2026-06-20,616ac0bf-be55-4a3c-aa34-f023ca00068f,2026-05-16 13:51:15.521481,2026-05-16 13:51:15.521482,
81d43d8b-f9bd-4cd7-86e6-c837f183b3c1,Sidhu-Dutt AMC,65041,Active,AMC,2025-07-31,2026-07-18,566164f0-b746-41f4-b85a-4806de2c294b,2026-05-16 13:51:15.521639,2026-05-16 13:51:15.521640,
7f86e11c-4dd8-4b5b-b18b-b21d4faafa86,"Sarraf, Chadha and Dora AMC",166237,Expiring Soon,Support,2026-02-05,2026-08-28,616ac0bf-be55-4a3c-aa34-f023ca00068f,2026-05-16 13:51:15.521817,2026-05-16 13:51:15.521818,
c1c7f765-8edd-4a10-a909-f8f2d20b16d4,"Sidhu, Singh and Nayak AMC",164370,Expiring Soon,Support,2026-01-02,2026-11-16,08bef480-7ca7-4624-9756-6860f8fe8ba5,2026-05-16 13:51:15.522008,2026-05-16 13:51:15.522009,
e159ca4f-ae89-4eaf-a88e-28199218f7b3,Sandhu Inc AMC,135938,Active,AMC,2025-12-30,2026-09-07,7a1b7ad6-e2d2-4e32-9902-ba4caebc581d,2026-05-16 13:51:15.522177,2026-05-16 13:51:15.522178,
d5e7e8bc-a9b9-41d0-b5fd-2eb5feb87ae7,Kunda LLC AMC,117840,Expiring Soon,Annual,2025-07-18,2027-04-22,8daeff47-fa6c-4ca6-a276-681e87f1e034,2026-05-16 13:51:15.522346,2026-05-16 13:51:15.522347,
7263f6be-4bdc-4102-9b52-d23377b0440e,"Kashyap, Gour and Dhawan AMC",49293,Expired,Annual,2025-08-03,2026-11-13,a479e5cf-9f94-4433-ad29-445f2f57265f,2026-05-16 13:51:15.522548,2026-05-16 13:51:15.522549,
2513cd90-227a-4673-a151-027863733cfc,Aurora Group AMC,193768,Expired,Support,2025-05-27,2026-11-09,404d7654-52ae-4333-91d7-753b4d63789e,2026-05-16 13:51:15.522723,2026-05-16 13:51:15.522724,
e200b6f9-0225-4814-b82b-b818d3130f13,"Bhakta, Tank and Chowdhury AMC",69809,Expiring Soon,Support,2026-01-25,2027-03-06,616ac0bf-be55-4a3c-aa34-f023ca00068f,2026-05-16 13:51:15.522901,2026-05-16 13:51:15.522901,
725e502a-7624-4d46-8dfd-84d72d6aa356,Virk-Uppal AMC,100513,Expiring Soon,AMC,2026-02-23,2027-02-02,560f2adc-162e-473b-8cd1-0546376e74e9,2026-05-16 13:51:15.523069,2026-05-16 13:51:15.523070,
479604a3-3747-42c2-b91b-0337e76c0a5e,Basu-Yadav AMC,70804,Expiring Soon,Annual,2025-07-09,2026-12-01,0ef691cb-a3b6-4c00-93f4-b28b0fe40706,2026-05-16 13:51:15.523239,2026-05-16 13:51:15.523240,
db9b2706-d0e7-44ef-aebf-0b5a64052efe,Mandal Ltd AMC,63566,Expired,Annual,2025-11-08,2026-08-06,a5499ef3-1ed0-4e7d-b2d8-5e51f825a648,2026-05-16 13:51:15.523412,2026-05-16 13:51:15.523413,
0e78927f-6197-4beb-bc7d-b6c84cff917f,Agrawal PLC AMC,172490,Active,Support,2025-05-25,2026-12-15,566164f0-b746-41f4-b85a-4806de2c294b,2026-05-16 13:51:15.523582,2026-05-16 13:51:15.523582,
6284126a-083c-48e7-b4d9-c42705e6c4c9,"Sharaf, Dube and De AMC",115260,Active,AMC,2026-03-20,2027-04-06,95287636-f2f6-4a35-8af3-a9fe68a5d1c0,2026-05-16 13:51:15.523757,2026-05-16 13:51:15.523758,
9902679e-d649-4eb3-a0c1-386109acbf34,Hayer-Nanda AMC,86477,Expiring Soon,AMC,2026-02-21,2026-11-26,a479e5cf-9f94-4433-ad29-445f2f57265f,2026-05-16 13:51:15.523924,2026-05-16 13:51:15.523925,
0c2a7284-52b5-4da8-a239-138994349bee,"Parikh, Bava and Mutti AMC",13941,Expiring Soon,Annual,2025-07-11,2026-12-12,a479e5cf-9f94-4433-ad29-445f2f57265f,2026-05-16 13:51:15.524097,2026-05-16 13:51:15.524098,
aad6d4d9-3211-4774-9d75-21be2ef5e903,Kant-Sarin AMC,154940,Active,Support,2025-12-06,2026-06-12,6f9c7382-0bb3-450e-aef4-dc8380654217,2026-05-16 13:51:15.524263,2026-05-16 13:51:15.524264,
4c515b3d-2376-40cd-942b-39b69fe2291a,Kapadia LLC AMC,132486,Expiring Soon,AMC,2025-12-23,2027-03-15,560f2adc-162e-473b-8cd1-0546376e74e9,2026-05-16 13:51:15.524453,2026-05-16 13:51:15.524453,
e7f64b7a-150c-4dd5-907f-a2fae7148e29,Bhatti Ltd AMC,104569,Expiring Soon,Annual,2025-10-01,2026-10-17,08bef480-7ca7-4624-9756-6860f8fe8ba5,2026-05-16 13:51:15.524630,2026-05-16 13:51:15.524631,
07089d4a-18fe-4e29-863a-ed5cb5d177e1,Parekh-Subramanian AMC,85350,Active,AMC,2026-01-16,2027-01-22,e441befa-88af-4f32-a4b7-caa2f90837a6,2026-05-16 13:51:15.524802,2026-05-16 13:51:15.524802,
5a0ce6b8-3f6f-4953-961f-38e13d6a0209,Sarna-Nadig AMC,40240,Expired,AMC,2025-11-30,2026-07-28,e75d85fc-9d80-421a-aa90-2624363de215,2026-05-16 13:51:15.524968,2026-05-16 13:51:15.524969,
7aa90bda-12e7-4fc5-8d4f-35c395c38487,Ahluwalia Group AMC,139224,Expiring Soon,Annual,2025-11-29,2026-05-31,7a1b7ad6-e2d2-4e32-9902-ba4caebc581d,2026-05-16 13:51:15.525135,2026-05-16 13:51:15.525136,
f2814284-9447-4359-9c5d-5704317f923f,Johal-Jain AMC,39342,Active,Support,2025-05-25,2027-03-26,a5499ef3-1ed0-4e7d-b2d8-5e51f825a648,2026-05-16 13:51:15.525305,2026-05-16 13:51:15.525306,
00414e82-10c4-4352-8512-4d3ec73ccbb8,Ratta-Kari AMC,15368,Expiring Soon,Annual,2026-03-23,2026-07-08,e75d85fc-9d80-421a-aa90-2624363de215,2026-05-16 13:51:15.525472,2026-05-16 13:51:15.525472,
8b912c03-5e86-46b6-96d7-66d3bf4c568a,Pall-Sabharwal AMC,18088,Expiring Soon,Annual,2025-06-04,2027-05-05,560f2adc-162e-473b-8cd1-0546376e74e9,2026-05-16 13:51:15.525637,2026-05-16 13:51:15.525638,
e77a3b6f-d246-4c58-97ef-711ae97b89a1,Sagar and Sons AMC,29683,Expiring Soon,Support,2025-06-23,2027-02-09,404d7654-52ae-4333-91d7-753b4d63789e,2026-05-16 13:51:15.525803,2026-05-16 13:51:15.525803,
df16e220-0af7-47c5-98b0-a4034983d67a,Gupta LLC AMC,97140,Expiring Soon,AMC,2025-09-05,2027-02-10,616ac0bf-be55-4a3c-aa34-f023ca00068f,2026-05-16 13:51:15.525971,2026-05-16 13:51:15.525972,
65ec9c02-295d-4b5e-9a87-18b77915e3a9,"Naik, Pal and Garde AMC",188625,Expiring Soon,Support,2026-02-21,2026-12-14,8daeff47-fa6c-4ca6-a276-681e87f1e034,2026-05-16 13:51:15.526149,2026-05-16 13:51:15.526150,
dee36839-eeb6-4c49-b6c6-706cc12df203,Kaul-Savant AMC,189369,Active,AMC,2025-06-03,2027-01-05,e75d85fc-9d80-421a-aa90-2624363de215,2026-05-16 13:51:15.526319,2026-05-16 13:51:15.526320,
de22c2e8-49db-4cb8-8459-fda91d45cdf8,Karpe-Dara AMC,68788,Expiring Soon,AMC,2025-10-25,2027-01-18,616ac0bf-be55-4a3c-aa34-f023ca00068f,2026-05-16 13:51:15.526513,2026-05-16 13:51:15.526513,
3e0345ad-5189-4a0a-9b52-f3750ccf35c5,Lad-Singhal AMC,95370,Expired,AMC,2025-07-22,2026-10-30,616ac0bf-be55-4a3c-aa34-f023ca00068f,2026-05-16 13:51:15.526685,2026-05-16 13:51:15.526685,
6506ee62-655a-4f49-9dcf-95bc16d79194,Kari-Malhotra AMC,119897,Expired,AMC,2026-02-12,2026-09-06,b6493aae-776e-4baa-a4f2-3d0a8ebbd3a3,2026-05-16 13:51:15.526853,2026-05-16 13:51:15.526854,
d52f2b9d-8b87-49a7-b4a0-777f22330575,Kakar-Wason AMC,150408,Active,AMC,2026-02-22,2027-04-09,560f2adc-162e-473b-8cd1-0546376e74e9,2026-05-16 13:51:15.527061,2026-05-16 13:51:15.527061,
b37e4919-64eb-4e45-90a1-f51491410949,"Andra, Narayan and Goel AMC",183859,Expired,Annual,2026-01-16,2026-07-29,616ac0bf-be55-4a3c-aa34-f023ca00068f,2026-05-16 13:51:15.527247,2026-05-16 13:51:15.527247,
a9828766-921e-4b9b-ba73-31cd3f6fcd06,Hari-Prashad AMC,123038,Active,Annual,2025-09-09,2027-02-28,42050019-05f0-4de7-b45b-cea5eda7386f,2026-05-16 13:51:15.527415,2026-05-16 13:51:15.527416,
8c70f737-8cda-4c9a-90ed-05f8ea7ffb89,"Bajwa, Chand and Biswas AMC",13968,Active,Annual,2026-03-01,2027-04-02,e441befa-88af-4f32-a4b7-caa2f90837a6,2026-05-16 13:51:15.527597,2026-05-16 13:51:15.527597,
d3ca7bab-c9b2-48ab-8859-414b66723ef5,"Chad, Thakkar and Mishra AMC",48371,Expiring Soon,Annual,2025-07-01,2026-09-07,f9140f89-9c0b-4ce1-8467-c50ef091fb7a,2026-05-16 13:51:15.527780,2026-05-16 13:51:15.527780,
9fe23568-7cd4-4a00-b3b6-91f3a88c14fe,Mann-Lala AMC,32129,Active,Support,2026-02-15,2027-05-03,f8ad7ff5-bd31-4f9e-934f-a32327b5c155,2026-05-16 13:51:15.527954,2026-05-16 13:51:15.527955,
11583119-1ffc-41b8-88fa-2ae0b84025cd,Patel-Sawhney AMC,134278,Expiring Soon,Annual,2025-11-26,2026-05-22,e43d49a0-a034-48f7-8094-69c8ec022f41,2026-05-16 13:51:15.528127,2026-05-16 13:51:15.528128,
caabce14-0eac-4f0e-82da-37fe00cc7b52,Manne-Bala AMC,102937,Expired,Support,2026-05-06,2026-09-02,13815ae1-d9c7-4b60-877c-5b354527caac,2026-05-16 13:51:15.528298,2026-05-16 13:51:15.528299,
aab75c64-0cf3-4e68-a5f6-eb0e6d62562a,Mistry Group AMC,154807,Expiring Soon,Annual,2025-10-25,2026-06-20,616ac0bf-be55-4a3c-aa34-f023ca00068f,2026-05-16 13:51:15.528500,2026-05-16 13:51:15.528500,
dbe87dba-860c-4d40-b200-6383d99dee73,"Manda, Vohra and Dada AMC",113366,Expiring Soon,Annual,2025-08-03,2027-01-04,85cb5067-c9a3-4ea0-b695-f80c7e19abf2,2026-05-16 13:51:15.528685,2026-05-16 13:51:15.528686,
c0b29373-5e80-47a1-8ebd-8d913a3fc526,Nanda-Ben AMC,37702,Active,Annual,2025-11-30,2027-04-29,fca4d392-94e8-47e1-bdb4-3dca1cb88b3a,2026-05-16 13:51:15.528858,2026-05-16 13:51:15.528858,
2b937255-ae10-451b-9876-c03aeafe967f,Khatri LLC AMC,178458,Expiring Soon,Annual,2025-08-11,2026-12-13,5adbfff5-e09e-439c-ac07-42c4619ce4f5,2026-05-16 13:51:15.529037,2026-05-16 13:51:15.529038,
6347b384-52a0-4631-9553-28b317ea1bec,Nagarajan-Chana AMC,34431,Active,Annual,2026-03-07,2027-04-11,b6493aae-776e-4baa-a4f2-3d0a8ebbd3a3,2026-05-16 13:51:15.529206,2026-05-16 13:51:15.529207,
b699b669-5895-438b-a2fe-537fe87a140d,"Sanghvi, Ray and Tak AMC",35667,Active,AMC,2025-09-26,2026-08-12,e43d49a0-a034-48f7-8094-69c8ec022f41,2026-05-16 13:51:15.529384,2026-05-16 13:51:15.529385,
feedddec-6297-43d8-911d-e1b556ee1140,"Dora, Narang and Atwal AMC",198325,Expired,Support,2026-04-08,2027-01-24,42050019-05f0-4de7-b45b-cea5eda7386f,2026-05-16 13:51:15.529560,2026-05-16 13:51:15.529560,
a97f7797-6246-495c-a1dd-23d24ae5dddc,"Mital, Contractor and Bhasin AMC",168492,Expired,AMC,2025-10-16,2026-11-28,b6493aae-776e-4baa-a4f2-3d0a8ebbd3a3,2026-05-16 13:51:15.529732,2026-05-16 13:51:15.529733,
36ab0dd4-9477-419c-9dd6-81be6390eef0,"Bandi, Sharma and Dhar AMC",147177,Expiring Soon,AMC,2026-01-25,2026-08-09,95287636-f2f6-4a35-8af3-a9fe68a5d1c0,2026-05-16 13:51:15.529908,2026-05-16 13:51:15.529909,
f8dd4003-1e05-42ae-9440-1e9520858e2a,"Raval, Dey and Koshy AMC",160220,Active,AMC,2025-07-28,2027-03-01,5adbfff5-e09e-439c-ac07-42c4619ce4f5,2026-05-16 13:51:15.530084,2026-05-16 13:51:15.530085,
21ef3fa7-900a-4074-a147-211a776c0c27,"Sodhi, Divan and Pant AMC",43445,Active,Support,2025-12-08,2027-03-20,0c6634a5-fb54-4e6c-91ef-7ec0e2cc3378,2026-05-16 13:51:15.530261,2026-05-16 13:51:15.530261,
0262e783-f11c-4aa9-bb9d-7633f8a9805a,Magar PLC AMC,197768,Expired,Support,2026-02-25,2026-06-18,404d7654-52ae-4333-91d7-753b4d63789e,2026-05-16 13:51:15.530432,2026-05-16 13:51:15.530433,
15744d6d-3d18-4180-8cc8-73e886facf93,Taneja Ltd AMC,152024,Expiring Soon,Support,2025-11-03,2027-02-06,e441befa-88af-4f32-a4b7-caa2f90837a6,2026-05-16 13:51:15.530627,2026-05-16 13:51:15.530628,
56948555-28c4-4275-a57e-b71c577b20e5,Raval and Sons AMC,193963,Expired,Annual,2025-10-01,2027-05-13,f8ad7ff5-bd31-4f9e-934f-a32327b5c155,2026-05-16 13:51:15.530796,2026-05-16 13:51:15.530797,
00082566-4e74-40f5-a9de-310255562063,Sura-Bhat AMC,166123,Expiring Soon,Support,2025-05-21,2026-08-23,b6493aae-776e-4baa-a4f2-3d0a8ebbd3a3,2026-05-16 13:51:15.530966,2026-05-16 13:51:15.530967,
13b7edad-9932-44b4-bd12-15b76718cc20,"Dubey, Ben and Pandit AMC",50581,Expired,Annual,2025-07-31,2027-05-02,8daeff47-fa6c-4ca6-a276-681e87f1e034,2026-05-16 13:51:15.531142,2026-05-16 13:51:15.531143,
8b28e328-67b8-4be2-b482-7b5f5b98d17f,"Oza, Tailor and Nanda AMC",46367,Active,Support,2025-11-25,2026-06-19,8daeff47-fa6c-4ca6-a276-681e87f1e034,2026-05-16 13:51:15.531318,2026-05-16 13:51:15.531318,
b9eb9a20-b4e2-46a6-a50e-a5575ff58c04,Sachar PLC AMC,90385,Expiring Soon,AMC,2026-03-22,2026-10-07,85cb5067-c9a3-4ea0-b695-f80c7e19abf2,2026-05-16 13:51:15.531487,2026-05-16 13:51:15.531488,
8dacfef1-bac3-4d15-a24b-4bce582889ea,Vohra LLC AMC,52852,Active,AMC,2026-03-10,2026-11-07,404d7654-52ae-4333-91d7-753b4d63789e,2026-05-16 13:51:15.531654,2026-05-16 13:51:15.531654,
3d433f73-8f16-4011-9d4d-24fbd68af7b4,Sahota LLC AMC,192495,Expired,Annual,2026-04-12,2026-08-07,fca4d392-94e8-47e1-bdb4-3dca1cb88b3a,2026-05-16 13:51:15.531821,2026-05-16 13:51:15.531822,
042b8433-909a-4f46-9927-9547d97254bc,Brahmbhatt Inc AMC,157071,Expiring Soon,Annual,2026-03-22,2026-12-21,e43d49a0-a034-48f7-8094-69c8ec022f41,2026-05-16 13:51:15.531990,2026-05-16 13:51:15.531991,
947790dc-eb89-469c-824e-f29429f6e656,Mani-Sood AMC,166500,Expired,AMC,2025-08-08,2026-12-02,13815ae1-d9c7-4b60-877c-5b354527caac,2026-05-16 13:51:15.532155,2026-05-16 13:51:15.532156,
ce6bf9a1-d1ab-48a4-982c-502bc1d316be,"Gour, Kurian and Trivedi AMC",148682,Expired,Support,2025-09-24,2026-09-13,13815ae1-d9c7-4b60-877c-5b354527caac,2026-05-16 13:51:15.532331,2026-05-16 13:51:15.532331,
2f62e10d-2fa9-4e43-b482-f6b062113dda,Guha PLC AMC,68893,Active,AMC,2026-02-05,2026-09-02,566164f0-b746-41f4-b85a-4806de2c294b,2026-05-16 13:51:15.532519,2026-05-16 13:51:15.532519,
9082b385-832b-4985-aec9-2b66a5ad0725,"Suri, Kata and Mukherjee AMC",89021,Expiring Soon,AMC,2025-09-12,2026-10-20,560f2adc-162e-473b-8cd1-0546376e74e9,2026-05-16 13:51:15.532696,2026-05-16 13:51:15.532697,
1c3d4c43-103b-49be-8a16-f82684ec9334,Bala-Bahri AMC,37294,Active,Annual,2025-05-25,2026-06-11,0ef691cb-a3b6-4c00-93f4-b28b0fe40706,2026-05-16 13:51:15.532862,2026-05-16 13:51:15.532863,
38d1722e-b6d4-4f0d-b85f-6c829167bd71,"Roy, Saraf and Gara AMC",115266,Expiring Soon,Annual,2026-03-08,2026-06-10,fca4d392-94e8-47e1-bdb4-3dca1cb88b3a,2026-05-16 13:51:15.533034,2026-05-16 13:51:15.533035,
99ecc9cf-5c1b-452e-9e2a-f7c32116e150,Gulati-Dash AMC,71382,Active,AMC,2026-04-28,2026-09-09,0ef691cb-a3b6-4c00-93f4-b28b0fe40706,2026-05-16 13:51:15.533204,2026-05-16 13:51:15.533204,
825bc216-da26-443d-a494-6077570a65bb,"Mittal, Bumb and Kala AMC",51260,Expiring Soon,Support,2026-03-10,2026-07-25,560f2adc-162e-473b-8cd1-0546376e74e9,2026-05-16 13:51:15.533404,2026-05-16 13:51:15.533405,
a927fe8f-4d56-42c9-bca3-22d91cb94928,Khatri Group AMC,168616,Active,Annual,2025-10-05,2027-02-08,560f2adc-162e-473b-8cd1-0546376e74e9,2026-05-16 13:51:15.533626,2026-05-16 13:51:15.533626,
a51b393d-9124-48ab-a861-faa314dd96e9,Sampath Ltd AMC,91725,Expired,AMC,2025-09-03,2027-01-12,f8ad7ff5-bd31-4f9e-934f-a32327b5c155,2026-05-16 13:51:15.533803,2026-05-16 13:51:15.533803,
737052ed-5e60-40b6-8cd0-cf236f0aa097,"Saran, Madan and Vohra AMC",158290,Expired,Annual,2025-09-20,2027-01-07,404d7654-52ae-4333-91d7-753b4d63789e,2026-05-16 13:51:15.533981,2026-05-16 13:51:15.533981,
d98ddfb6-6656-44dc-9eaf-d92ecc59b6b9,"Issac, Sridhar and Ranganathan AMC",171452,Expiring Soon,Annual,2026-03-29,2027-04-25,6f9c7382-0bb3-450e-aef4-dc8380654217,2026-05-16 13:51:15.534158,2026-05-16 13:51:15.534159,
6c991fd0-4b1e-477d-953f-56d53330f136,Bhatia PLC AMC,199270,Expired,AMC,2025-06-04,2026-06-18,08bef480-7ca7-4624-9756-6860f8fe8ba5,2026-05-16 13:51:15.534328,2026-05-16 13:51:15.534329,
df522878-eacb-4e57-b5fa-c37eb1f64a8e,Kohli-Chokshi AMC,143265,Expired,AMC,2026-04-01,2027-04-26,0ef691cb-a3b6-4c00-93f4-b28b0fe40706,2026-05-16 13:51:15.534525,2026-05-16 13:51:15.534526,
c13a6232-6f27-4e86-b465-250d50f99eed,Bhatnagar-Nadig AMC,58753,Expiring Soon,AMC,2025-10-28,2026-10-08,560f2adc-162e-473b-8cd1-0546376e74e9,2026-05-16 13:51:15.534702,2026-05-16 13:51:15.534703,
02ef1298-b91e-4d42-a6b5-a7f82bb3fe18,"Narula, Mani and Bansal AMC",168998,Active,Annual,2025-09-24,2027-04-02,0ef691cb-a3b6-4c00-93f4-b28b0fe40706,2026-05-16 13:51:15.534879,2026-05-16 13:51:15.534880,
9fc2a049-d4eb-4967-85c1-1e1ca7304a6e,Vasa Group AMC,104345,Active,AMC,2026-05-10,2026-07-26,6f9c7382-0bb3-450e-aef4-dc8380654217,2026-05-16 13:51:15.535048,2026-05-16 13:51:15.535049,
dd4b3784-ebbf-47b7-b7ee-a4b639f636ea,"Bath, Kala and Mallick AMC",65272,Expired,Support,2025-06-16,2026-11-19,42050019-05f0-4de7-b45b-cea5eda7386f,2026-05-16 13:51:15.535224,2026-05-16 13:51:15.535225,
a53768c4-f497-4e07-bc42-00c606b70361,"Raju, Dasgupta and Nair AMC",86279,Expiring Soon,Support,2026-01-01,2026-12-26,616ac0bf-be55-4a3c-aa34-f023ca00068f,2026-05-16 13:51:15.535400,2026-05-16 13:51:15.535401,
d9fe063b-9467-4aaf-9933-63dfb5955817,"Chatterjee, Bajwa and Deshmukh AMC",117931,Active,AMC,2026-01-07,2026-06-23,0c6634a5-fb54-4e6c-91ef-7ec0e2cc3378,2026-05-16 13:51:15.535576,2026-05-16 13:51:15.535577,
1ffe9b82-259e-45af-a268-c19c9c3076e9,Dash-Ram AMC,129427,Expired,Support,2025-12-28,2026-10-04,42050019-05f0-4de7-b45b-cea5eda7386f,2026-05-16 13:51:15.535743,2026-05-16 13:51:15.535743,
c0b77810-550c-4eba-9319-016a2df43ebe,Jaggi and Sons AMC,51575,Active,Support,2025-05-20,2026-06-08,b6493aae-776e-4baa-a4f2-3d0a8ebbd3a3,2026-05-16 13:51:15.535911,2026-05-16 13:51:15.535911,
2c718137-7d7f-40ae-9645-8b314be82302,Doctor Ltd AMC,34579,Expired,AMC,2025-09-26,2027-01-31,b6493aae-776e-4baa-a4f2-3d0a8ebbd3a3,2026-05-16 13:51:15.536080,2026-05-16 13:51:15.536081,
9b03b004-b742-4312-adf6-32918ada9b41,Roy and Sons AMC,66974,Expiring Soon,Support,2025-06-11,2027-05-15,f9140f89-9c0b-4ce1-8467-c50ef091fb7a,2026-05-16 13:51:15.536249,2026-05-16 13:51:15.536249,
1a2edd36-7807-444a-bd2d-c4ddb05b8523,Dyal-Upadhyay AMC,107603,Expiring Soon,Annual,2025-08-10,2027-02-01,95287636-f2f6-4a35-8af3-a9fe68a5d1c0,2026-05-16 13:51:15.536416,2026-05-16 13:51:15.536417,
257b90ac-b54e-420a-b4f7-279752e7b636,"Apte, Jha and Chakrabarti AMC",166133,Active,Support,2026-01-13,2027-01-02,566164f0-b746-41f4-b85a-4806de2c294b,2026-05-16 13:51:15.536618,2026-05-16 13:51:15.536619,
b0d913a0-2701-470d-a884-ea1f553c1ad7,Ramaswamy Inc AMC,111330,Active,Support,2025-06-01,2026-12-31,f8ad7ff5-bd31-4f9e-934f-a32327b5c155,2026-05-16 13:51:15.536786,2026-05-16 13:51:15.536786,
fd3aa5e8-ccaa-40e1-b4be-7676e90c1b6e,Datta-Arya AMC,21704,Expired,Support,2026-04-30,2027-01-20,3c2514fb-429d-444a-bc6c-7c4a2ce757be,2026-05-16 13:51:15.536954,2026-05-16 13:51:15.536955,
c65abcb5-e181-431f-8a94-dd83131fa598,Kant-Palla AMC,38720,Expiring Soon,AMC,2026-04-20,2027-01-07,e441befa-88af-4f32-a4b7-caa2f90837a6,2026-05-16 13:51:15.537123,2026-05-16 13:51:15.537124,
1d3adf31-e237-49f0-bdd7-446b8dd9dee6,Mani Inc AMC,27708,Active,AMC,2025-10-07,2026-12-10,e441befa-88af-4f32-a4b7-caa2f90837a6,2026-05-16 13:51:15.537291,2026-05-16 13:51:15.537292,
13e78608-e349-49a1-a143-cf37f38810e4,Saini PLC AMC,130481,Expired,AMC,2025-10-07,2026-10-18,13815ae1-d9c7-4b60-877c-5b354527caac,2026-05-16 13:51:15.537462,2026-05-16 13:51:15.537462,
0cd02ee1-6e95-4cab-859a-401dea50707f,Goel-Sunder AMC,40798,Expiring Soon,Annual,2026-02-05,2026-06-08,13815ae1-d9c7-4b60-877c-5b354527caac,2026-05-16 13:51:15.537632,2026-05-16 13:51:15.537632,
e5a1b3b7-520d-4684-885b-d23c4b4e8ddd,Chander-Rana AMC,123275,Expired,Support,2025-11-07,2026-12-18,5adbfff5-e09e-439c-ac07-42c4619ce4f5,2026-05-16 13:51:15.537804,2026-05-16 13:51:15.537804,
1e28c5f3-8647-4373-b2b5-391564e2626e,Om-Chaudhari AMC,33902,Expired,Support,2025-05-28,2026-07-23,95287636-f2f6-4a35-8af3-a9fe68a5d1c0,2026-05-16 13:51:15.537975,2026-05-16 13:51:15.537976,
c303abd7-1ce7-46f4-9b4f-af1edd06cc0c,"Konda, Pandit and Choudhary AMC",133484,Expired,Support,2025-06-30,2027-02-15,616ac0bf-be55-4a3c-aa34-f023ca00068f,2026-05-16 13:51:15.538154,2026-05-16 13:51:15.538155,
908d57b6-6874-4dfd-b492-5e67008d68b3,Kala-Ram AMC,48415,Expired,Annual,2026-01-07,2026-11-06,0ef691cb-a3b6-4c00-93f4-b28b0fe40706,2026-05-16 13:51:15.538323,2026-05-16 13:51:15.538323,
8dc15b13-2b6b-4cec-a9e7-4a3411386cab,Tripathi-Mahal AMC,164997,Active,Support,2026-05-07,2027-01-01,e75d85fc-9d80-421a-aa90-2624363de215,2026-05-16 13:51:15.538512,2026-05-16 13:51:15.538512,
01f3e630-3f45-411e-a48a-43d141413846,"Issac, Khalsa and Verma AMC",141498,Expiring Soon,AMC,2026-02-14,2026-10-18,f9140f89-9c0b-4ce1-8467-c50ef091fb7a,2026-05-16 13:51:15.538698,2026-05-16 13:51:15.538699,
34c75d87-ea8c-4d35-83f6-46d07b8272f4,Bansal-Baral AMC,190132,Expiring Soon,AMC,2025-07-07,2026-08-02,13815ae1-d9c7-4b60-877c-5b354527caac,2026-05-16 13:51:15.538871,2026-05-16 13:51:15.538871,
627aa823-a735-4baa-9bce-d50b2097d31d,"Dora, Batta and Oak AMC",23135,Active,AMC,2026-02-20,2027-01-12,e43d49a0-a034-48f7-8094-69c8ec022f41,2026-05-16 13:51:15.539046,2026-05-16 13:51:15.539047,
c8b67e89-193a-4afa-ba0c-969821d5cd91,Shah PLC AMC,113297,Expired,AMC,2025-12-05,2027-02-24,08bef480-7ca7-4624-9756-6860f8fe8ba5,2026-05-16 13:51:15.539216,2026-05-16 13:51:15.539217,
6d6920ba-5185-454e-b149-1284a3aa0738,"Chaudhry, Uppal and Nayar AMC",183384,Expired,Annual,2025-10-19,2026-07-17,a479e5cf-9f94-4433-ad29-445f2f57265f,2026-05-16 13:51:15.539393,2026-05-16 13:51:15.539394,
a4b2cef8-3462-4940-bc36-dff42bfb6db9,"Krishnan, Nori and Sehgal AMC",19694,Expiring Soon,Support,2025-08-12,2026-07-15,404d7654-52ae-4333-91d7-753b4d63789e,2026-05-16 13:51:15.539573,2026-05-16 13:51:15.539574,
2d2c0ddd-8f9d-4c17-b7fe-7cfbf39e4857,Bhavsar LLC AMC,27342,Expiring Soon,Support,2026-01-22,2026-08-02,f9140f89-9c0b-4ce1-8467-c50ef091fb7a,2026-05-16 13:51:15.539750,2026-05-16 13:51:15.539750,
9a47ab16-52e9-4c05-bdef-62dd5009b2d3,Parekh-Bahri AMC,45089,Active,Annual,2025-05-26,2027-03-12,b6493aae-776e-4baa-a4f2-3d0a8ebbd3a3,2026-05-16 13:51:15.539921,2026-05-16 13:51:15.539922,
415eb51f-5707-45b7-9ba0-5907c61ecda0,"Ray, Chahal and Setty AMC",50176,Active,AMC,2025-12-06,2027-04-25,404d7654-52ae-4333-91d7-753b4d63789e,2026-05-16 13:51:15.540103,2026-05-16 13:51:15.540104,
cd21979f-13c0-4e06-9f2c-dea55babaefa,Sandhu LLC AMC,194726,Active,Support,2025-12-27,2026-07-17,0ef691cb-a3b6-4c00-93f4-b28b0fe40706,2026-05-16 13:51:15.540272,2026-05-16 13:51:15.540273,
746220a8-eb8d-474d-8e81-69bac4c6c52a,"Pradhan, Kari and Walia AMC",11373,Expiring Soon,Support,2025-09-16,2027-01-02,0c6634a5-fb54-4e6c-91ef-7ec0e2cc3378,2026-05-16 13:51:15.540448,2026-05-16 13:51:15.540449,
7ed45540-8f6a-45bc-bb2f-b0a84b341f2f,"Sankaran, Kuruvilla and Mann AMC",18546,Expired,Support,2026-04-28,2027-03-16,3c2514fb-429d-444a-bc6c-7c4a2ce757be,2026-05-16 13:51:15.540651,2026-05-16 13:51:15.540652,
ddfba245-6523-4e17-8c21-39742d36ff0f,Puri and Sons AMC,172652,Active,Annual,2025-08-09,2026-09-01,13815ae1-d9c7-4b60-877c-5b354527caac,2026-05-16 13:51:15.540821,2026-05-16 13:51:15.540822,
e38b384c-16d6-478d-97c4-f9d288d4fa3f,"Balasubramanian, Muni and Kapur AMC",133776,Expiring Soon,Annual,2025-11-21,2027-01-13,7a1b7ad6-e2d2-4e32-9902-ba4caebc581d,2026-05-16 13:51:15.540998,2026-05-16 13:51:15.540998,
1cfce8fd-7be4-4733-8bd2-672747cb928d,Kar PLC AMC,133787,Active,AMC,2025-09-13,2027-02-09,0c6634a5-fb54-4e6c-91ef-7ec0e2cc3378,2026-05-16 13:51:15.541169,2026-05-16 13:51:15.541170,
65218d47-b6eb-44a7-b29c-c4717b6e1175,Kumer-Baral AMC,89922,Expiring Soon,AMC,2026-05-09,2027-01-04,42050019-05f0-4de7-b45b-cea5eda7386f,2026-05-16 13:51:15.541342,2026-05-16 13:51:15.541343,
23f80f77-47bc-4c82-80d5-3dc754555970,"Barad, Kamdar and Bassi AMC",125881,Expired,Support,2026-02-06,2026-09-01,404d7654-52ae-4333-91d7-753b4d63789e,2026-05-16 13:51:15.541517,2026-05-16 13:51:15.541518,
b8c46faf-3a70-43b6-8f15-dc18ae3d9238,Swaminathan-Kuruvilla AMC,134417,Expiring Soon,AMC,2026-02-23,2027-03-20,08bef480-7ca7-4624-9756-6860f8fe8ba5,2026-05-16 13:51:15.541687,2026-05-16 13:51:15.541687,
693355e6-30bd-467c-b01d-0daf45270b69,Roy Group AMC,161817,Active,Support,2026-03-09,2026-12-20,b6493aae-776e-4baa-a4f2-3d0a8ebbd3a3,2026-05-16 13:51:15.541856,2026-05-16 13:51:15.541857,
74c84602-5959-4c90-adb7-ea8fc0cfb017,Chanda-Sharma AMC,84341,Expired,AMC,2025-08-17,2027-04-27,a5499ef3-1ed0-4e7d-b2d8-5e51f825a648,2026-05-16 13:51:15.542026,2026-05-16 13:51:15.542026,
ab19ba32-4d3b-4fd2-a673-5b0b94f279d2,Behl-Kala AMC,125268,Active,Annual,2025-05-18,2026-08-17,560f2adc-162e-473b-8cd1-0546376e74e9,2026-05-16 13:51:15.542191,2026-05-16 13:51:15.542192,
67988cb9-0747-4582-bd7e-645ccc288e44,Gour Ltd AMC,124226,Active,Annual,2026-01-29,2027-03-25,0c6634a5-fb54-4e6c-91ef-7ec0e2cc3378,2026-05-16 13:51:15.542360,2026-05-16 13:51:15.542361,
74d9d63e-f79f-4e94-9684-f85384b6c4bd,Raman-Bail AMC,82648,Active,Annual,2025-12-23,2026-11-09,616ac0bf-be55-4a3c-aa34-f023ca00068f,2026-05-16 13:51:15.542547,2026-05-16 13:51:15.542548,
a77fef41-8412-44fd-aa75-3957aec32b20,Karnik LLC AMC,64104,Expired,AMC,2025-06-26,2026-12-10,566164f0-b746-41f4-b85a-4806de2c294b,2026-05-16 13:51:15.542795,2026-05-16 13:51:15.542800,
a6ebd733-3776-437c-86a5-6b52403b247d,Kakar-Chada AMC,88945,Active,AMC,2026-05-08,2026-11-27,42050019-05f0-4de7-b45b-cea5eda7386f,2026-05-16 13:51:15.543110,2026-05-16 13:51:15.543111,
19d61e59-3497-44a6-b4dc-e90e13666472,"Samra, Ratti and Patel AMC",168784,Expiring Soon,Support,2025-08-20,2026-09-07,e441befa-88af-4f32-a4b7-caa2f90837a6,2026-05-16 13:51:15.543339,2026-05-16 13:51:15.543340,
e1056663-32ab-4bf9-8c11-63d664614504,"Rastogi, Balay and Soni AMC",48829,Active,AMC,2025-11-21,2027-03-05,560f2adc-162e-473b-8cd1-0546376e74e9,2026-05-16 13:51:15.543567,2026-05-16 13:51:15.543568,
11b7aeeb-35d9-4eed-a2d1-82c016adb012,"Ahuja, Taneja and Solanki AMC",191760,Expired,AMC,2025-09-13,2026-09-02,a5499ef3-1ed0-4e7d-b2d8-5e51f825a648,2026-05-16 13:51:15.543790,2026-05-16 13:51:15.543790,
1389c55a-61a0-48c5-9196-fa400efb4551,"Bhatti, Palla and Zachariah AMC",46136,Expiring Soon,AMC,2025-09-30,2026-11-21,a5499ef3-1ed0-4e7d-b2d8-5e51f825a648,2026-05-16 13:51:15.544016,2026-05-16 13:51:15.544017,
ffc11008-4aaa-41aa-9197-154a4a9af1c2,"Ramesh, Dayal and Doctor AMC",158093,Expiring Soon,Support,2026-01-29,2027-03-31,13815ae1-d9c7-4b60-877c-5b354527caac,2026-05-16 13:51:15.544239,2026-05-16 13:51:15.544240,
2a6d05f7-ac76-4c81-9744-0a1ded9c3fe2,Luthra-Bose AMC,120323,Expiring Soon,AMC,2026-05-14,2026-11-21,f8ad7ff5-bd31-4f9e-934f-a32327b5c155,2026-05-16 13:51:15.544452,2026-05-16 13:51:15.544453,
6358e729-b58f-4782-95fd-e867ce098a2e,"Viswanathan, Char and Tak AMC",31464,Expired,AMC,2025-08-14,2026-08-15,42050019-05f0-4de7-b45b-cea5eda7386f,2026-05-16 13:51:15.544685,2026-05-16 13:51:15.544686,
88310592-70f0-4a06-9119-a1bc212b9ce0,Jaggi Ltd AMC,153272,Expired,Annual,2025-10-17,2026-07-28,e441befa-88af-4f32-a4b7-caa2f90837a6,2026-05-16 13:51:15.544862,2026-05-16 13:51:15.544863,
ca2651d4-1d0c-4dec-a768-e77af4be53b7,"Basak, Munshi and Devan AMC",106071,Active,Annual,2025-12-04,2026-06-24,f9140f89-9c0b-4ce1-8467-c50ef091fb7a,2026-05-16 13:51:15.545046,2026-05-16 13:51:15.545046,
71f6c5b4-1f99-4498-8e5c-09219b680213,"Deshpande, Hari and Tank AMC",157451,Expiring Soon,AMC,2026-02-07,2027-03-11,13815ae1-d9c7-4b60-877c-5b354527caac,2026-05-16 13:51:15.545225,2026-05-16 13:51:15.545226,
ef6d7ad1-3aa6-471e-9406-fde93a81f17e,Seshadri PLC AMC,72378,Active,Annual,2026-03-22,2026-08-06,e43d49a0-a034-48f7-8094-69c8ec022f41,2026-05-16 13:51:15.545401,2026-05-16 13:51:15.545402,
ad738f85-9d7c-4a68-8444-728e3b87a095,Sangha PLC AMC,162840,Active,Annual,2025-05-22,2027-04-20,13815ae1-d9c7-4b60-877c-5b354527caac,2026-05-16 13:51:15.545688,2026-05-16 13:51:15.545689,
177a9c84-0716-4e80-a232-4f7216820e52,Balan-Bali AMC,145991,Expired,Annual,2025-11-14,2026-12-01,42050019-05f0-4de7-b45b-cea5eda7386f,2026-05-16 13:51:15.545966,2026-05-16 13:51:15.545972,
8f09d80d-74a4-4541-9184-e1f9439fc1d9,"Goswami, Saha and Tak AMC",180334,Expiring Soon,Annual,2026-04-14,2026-11-14,f8ad7ff5-bd31-4f9e-934f-a32327b5c155,2026-05-16 13:51:15.546271,2026-05-16 13:51:15.546273,
1931cc9b-88ba-4bf3-ab1f-d82acb104ce8,"Banerjee, Balakrishnan and Verma AMC",136274,Expired,Support,2026-01-19,2027-04-18,fca4d392-94e8-47e1-bdb4-3dca1cb88b3a,2026-05-16 13:51:15.546603,2026-05-16 13:51:15.546605,
c12592b7-ded0-4838-8ddf-db8bb178d4a2,"Bawa, Loyal and Ghosh AMC",74662,Expired,Support,2025-08-20,2026-07-17,42050019-05f0-4de7-b45b-cea5eda7386f,2026-05-16 13:51:15.546815,2026-05-16 13:51:15.546816,
1f5b089a-5ae9-405d-8690-709ad1d2a5a0,Bassi LLC AMC,112084,Active,AMC,2025-11-08,2026-09-03,560f2adc-162e-473b-8cd1-0546376e74e9,2026-05-16 13:51:15.546988,2026-05-16 13:51:15.546989,
9fde29bd-ef19-4fcf-b319-25f930229f6e,"Hari, Sood and Bala AMC",57686,Active,Support,2026-03-14,2027-02-12,a479e5cf-9f94-4433-ad29-445f2f57265f,2026-05-16 13:51:15.547166,2026-05-16 13:51:15.547167,
78ad833e-fceb-44f3-a6c4-62cd6e23c375,"Boase, Datta and Kulkarni AMC",190863,Expired,AMC,2026-03-13,2026-06-22,3c2514fb-429d-444a-bc6c-7c4a2ce757be,2026-05-16 13:51:15.547386,2026-05-16 13:51:15.547387,
0584b9f3-32d6-4726-8ca2-99c229efe734,"Dubey, Bath and Mane AMC",105633,Expiring Soon,Support,2025-09-06,2026-11-07,6f9c7382-0bb3-450e-aef4-dc8380654217,2026-05-16 13:51:15.547639,2026-05-16 13:51:15.547639,
548f6a28-3f4a-4408-9fee-2f22c60c7671,"Din, Verma and D’Alia AMC",77772,Expired,Support,2025-06-17,2027-05-13,08bef480-7ca7-4624-9756-6860f8fe8ba5,2026-05-16 13:51:15.547821,2026-05-16 13:51:15.547822,
32941376-8a98-4511-9be0-657e6ff28915,Magar-Chacko AMC,46774,Expiring Soon,AMC,2025-08-18,2026-09-29,e75d85fc-9d80-421a-aa90-2624363de215,2026-05-16 13:51:15.547989,2026-05-16 13:51:15.547989,
44eb329d-9110-4624-8f41-d468a5f6e4d9,"Chana, Srinivasan and Balakrishnan AMC",43429,Expiring Soon,Support,2026-02-03,2027-01-18,b6493aae-776e-4baa-a4f2-3d0a8ebbd3a3,2026-05-16 13:51:15.548167,2026-05-16 13:51:15.548168,
aa26d1a1-38ae-47e4-bef5-3c793c7346e9,"Muni, Bandi and Prakash AMC",10357,Expired,Annual,2025-07-29,2026-12-18,e75d85fc-9d80-421a-aa90-2624363de215,2026-05-16 13:51:15.548342,2026-05-16 13:51:15.548343,
782d9448-8caf-4d22-b12f-c1a8d25de52b,Sachar LLC AMC,124108,Expired,AMC,2026-03-02,2027-03-24,42050019-05f0-4de7-b45b-cea5eda7386f,2026-05-16 13:51:15.548513,2026-05-16 13:51:15.548514,
b8c1fd5f-1476-4e94-8d42-bf792803c992,Gokhale-Palla AMC,58012,Expired,AMC,2025-05-21,2026-07-16,a5499ef3-1ed0-4e7d-b2d8-5e51f825a648,2026-05-16 13:51:15.548683,2026-05-16 13:51:15.548684,
4d27dada-d17b-4d3b-8901-56875f0d4627,Sabharwal LLC AMC,98897,Expired,AMC,2025-07-25,2027-05-15,f9140f89-9c0b-4ce1-8467-c50ef091fb7a,2026-05-16 13:51:15.548824,2026-05-16 13:51:15.548824,
390429c1-a155-47e8-9ab5-7eccc01475be,Kala and Sons AMC,179165,Active,Annual,2025-06-05,2027-03-09,e43d49a0-a034-48f7-8094-69c8ec022f41,2026-05-16 13:51:15.548964,2026-05-16 13:51:15.548965,
54b2f2ad-cddd-46f2-b764-6313f557f674,Madan-Oommen AMC,25739,Active,AMC,2025-06-18,2026-07-20,f9140f89-9c0b-4ce1-8467-c50ef091fb7a,2026-05-16 13:51:15.549100,2026-05-16 13:51:15.549101,
7c01484a-8ecf-483d-abf0-da631862c679,Venkataraman and Sons AMC,90817,Active,AMC,2026-04-26,2026-06-19,b6493aae-776e-4baa-a4f2-3d0a8ebbd3a3,2026-05-16 13:51:15.549235,2026-05-16 13:51:15.549235,
79cef10f-ee76-4a1d-9749-b6f78dcaf0c4,Ray-Pandit AMC,120139,Expired,AMC,2025-08-29,2027-01-17,404d7654-52ae-4333-91d7-753b4d63789e,2026-05-16 13:51:15.549368,2026-05-16 13:51:15.549369,
b4faf479-7863-4dc2-8895-f1d37f1f694b,Das-Bahri AMC,109735,Active,Support,2026-02-21,2026-12-24,08bef480-7ca7-4624-9756-6860f8fe8ba5,2026-05-16 13:51:15.549504,2026-05-16 13:51:15.549504,
a83791c0-4000-4e20-ae8a-16da97f72c38,"Sani, Dhar and Bhatnagar AMC",145300,Active,Annual,2025-09-16,2027-04-07,e75d85fc-9d80-421a-aa90-2624363de215,2026-05-16 13:51:15.549644,2026-05-16 13:51:15.549645,
b3db4f5f-ba25-4174-8d8b-b57df38c7c12,"Kohli, Mukhopadhyay and Sen AMC",126431,Active,Annual,2025-10-16,2026-07-14,a479e5cf-9f94-4433-ad29-445f2f57265f,2026-05-16 13:51:15.549784,2026-05-16 13:51:15.549784,
a0b95e50-75a2-4a6e-9075-333dfebfa3cb,Kannan Inc AMC,69531,Active,AMC,2026-01-06,2026-11-05,5adbfff5-e09e-439c-ac07-42c4619ce4f5,2026-05-16 13:51:15.549917,2026-05-16 13:51:15.549918,
91ea6fda-dfa3-4825-9d63-ed8bd7148fd0,Yohannan-Madan AMC,30301,Active,AMC,2025-07-29,2027-04-17,08bef480-7ca7-4624-9756-6860f8fe8ba5,2026-05-16 13:51:15.550073,2026-05-16 13:51:15.550074,
71ed0e38-aee6-465d-93c0-9bfc12e11504,Manda-Dhingra AMC,42870,Expired,Support,2025-05-30,2027-01-27,566164f0-b746-41f4-b85a-4806de2c294b,2026-05-16 13:51:15.550235,2026-05-16 13:51:15.550236,
1bad2fee-c91b-466c-97d0-df676c608eae,Bhatnagar-Boase AMC,186788,Expiring Soon,AMC,2025-08-30,2026-08-16,5adbfff5-e09e-439c-ac07-42c4619ce4f5,2026-05-16 13:51:15.550371,2026-05-16 13:51:15.550372,
454308ee-6eb8-47bc-8d45-1fd736a183dc,Hegde-Agarwal AMC,76548,Expiring Soon,Support,2025-09-18,2027-04-02,b6493aae-776e-4baa-a4f2-3d0a8ebbd3a3,2026-05-16 13:51:15.550507,2026-05-16 13:51:15.550508,
655bb803-367e-4e3d-92ac-462ada6d7524,"Char, Contractor and Jani AMC",111103,Active,Support,2025-08-01,2026-09-05,0c6634a5-fb54-4e6c-91ef-7ec0e2cc3378,2026-05-16 13:51:15.550679,2026-05-16 13:51:15.550680,
17871aaa-78e9-4fe0-a9f7-c5d9de687840,Pathak-Bava AMC,102722,Expired,Support,2025-10-26,2026-12-30,0c6634a5-fb54-4e6c-91ef-7ec0e2cc3378,2026-05-16 13:51:15.550815,2026-05-16 13:51:15.550815,
ae8857fb-9ae8-4a06-bbee-e0ab9243eaa7,Brahmbhatt-Dayal AMC,74216,Active,Support,2025-11-21,2027-04-18,8daeff47-fa6c-4ca6-a276-681e87f1e034,2026-05-16 13:51:15.550949,2026-05-16 13:51:15.550949,
0e6826b8-c6c5-4912-a423-7c8c54820902,Sridhar-Buch AMC,134224,Active,Support,2025-11-09,2026-08-22,f8ad7ff5-bd31-4f9e-934f-a32327b5c155,2026-05-16 13:51:15.551084,2026-05-16 13:51:15.551084,
140a5fa2-51fe-4c95-97a4-07d3c04c0b57,"Deshpande, Bhasin and Keer AMC",34377,Expiring Soon,AMC,2026-01-12,2026-10-05,404d7654-52ae-4333-91d7-753b4d63789e,2026-05-16 13:51:15.551226,2026-05-16 13:51:15.551227,
5bea6ba6-ae42-461e-af00-53245f50d034,"Gupta, Bedi and Kamdar AMC",73103,Expired,AMC,2025-08-31,2027-03-18,616ac0bf-be55-4a3c-aa34-f023ca00068f,2026-05-16 13:51:15.551367,2026-05-16 13:51:15.551368,
05f8309d-6adf-4072-8570-c50d38d3242e,Soni Inc AMC,147931,Expiring Soon,Support,2025-06-29,2027-02-15,85cb5067-c9a3-4ea0-b695-f80c7e19abf2,2026-05-16 13:51:15.551502,2026-05-16 13:51:15.551503,
5ed484e0-57fc-4772-93ea-96a2d2bda43e,Sani-Char AMC,106337,Expiring Soon,Annual,2025-07-10,2027-05-13,616ac0bf-be55-4a3c-aa34-f023ca00068f,2026-05-16 13:51:15.551635,2026-05-16 13:51:15.551636,
fb0d4b22-4c5a-43fd-ab24-4fd3ee110f17,Prabhakar Group AMC,130779,Active,Support,2025-06-04,2026-08-25,85cb5067-c9a3-4ea0-b695-f80c7e19abf2,2026-05-16 13:51:15.551764,2026-05-16 13:51:15.551764,
6d776d25-e3eb-48db-bb2e-2f0c293280b1,Walia-Amble AMC,160170,Expired,Support,2025-11-15,2026-10-14,e75d85fc-9d80-421a-aa90-2624363de215,2026-05-16 13:51:15.551875,2026-05-16 13:51:15.551875,
3d0b9add-fe11-4698-b66e-b1e5f0d8abcc,Sidhu Inc AMC,152365,Active,AMC,2026-02-28,2026-08-25,560f2adc-162e-473b-8cd1-0546376e74e9,2026-05-16 13:51:15.551985,2026-05-16 13:51:15.551986,
b3295090-be8b-47d5-8c9d-db5bbbf53f7c,"Rattan, Tailor and Singh AMC",102942,Expired,AMC,2025-11-30,2026-11-22,e441befa-88af-4f32-a4b7-caa2f90837a6,2026-05-16 13:51:15.552101,2026-05-16 13:51:15.552102,
23ddad4e-c1d9-4134-a955-8051cd3d0846,Varty-Ghose AMC,110028,Expiring Soon,Support,2025-11-12,2026-09-09,13815ae1-d9c7-4b60-877c-5b354527caac,2026-05-16 13:51:15.552214,2026-05-16 13:51:15.552214,
e07776a3-2e93-4b27-a664-177b43f6dd69,Patel-Garde AMC,56249,Expired,AMC,2025-09-24,2027-01-26,560f2adc-162e-473b-8cd1-0546376e74e9,2026-05-16 13:51:15.552323,2026-05-16 13:51:15.552324,
802fef6b-20b1-47aa-b472-bfd082d12145,Dubey Group AMC,115932,Expiring Soon,Support,2025-09-28,2026-10-22,7a1b7ad6-e2d2-4e32-9902-ba4caebc581d,2026-05-16 13:51:15.552434,2026-05-16 13:51:15.552434,
0067e4dd-bc99-4456-8e1c-25f73f50ecae,Gopal Inc AMC,119445,Expiring Soon,AMC,2025-09-03,2027-02-20,95287636-f2f6-4a35-8af3-a9fe68a5d1c0,2026-05-16 13:51:15.552546,2026-05-16 13:51:15.552547,
d9ad1cd3-d63e-481f-90b5-313fb6277036,"Pau, Bahl and Virk AMC",187484,Expired,Annual,2025-07-24,2026-10-14,6f9c7382-0bb3-450e-aef4-dc8380654217,2026-05-16 13:51:15.552679,2026-05-16 13:51:15.552680,
cdd5db5b-bf2e-403b-bd5f-4abe10d90af2,"Pant, Randhawa and Chatterjee AMC",21576,Expired,AMC,2025-09-18,2026-11-30,616ac0bf-be55-4a3c-aa34-f023ca00068f,2026-05-16 13:51:15.552794,2026-05-16 13:51:15.552795,
9f5c62b8-03e6-4fb7-b7a4-481d01107f28,"Dhaliwal, Thaker and Korpal AMC",98722,Expiring Soon,Support,2025-12-14,2027-05-07,404d7654-52ae-4333-91d7-753b4d63789e,2026-05-16 13:51:15.552909,2026-05-16 13:51:15.552910,
8d9440a5-dd8f-4ddb-b41b-c2d204749df8,Kothari PLC AMC,57859,Active,AMC,2025-10-29,2026-08-07,e75d85fc-9d80-421a-aa90-2624363de215,2026-05-16 13:51:15.553021,2026-05-16 13:51:15.553021,
abd9f583-4373-4bc2-9936-918ce3f584e0,"Bhakta, Bobal and Sane AMC",121610,Expired,Support,2026-02-18,2027-03-13,404d7654-52ae-4333-91d7-753b4d63789e,2026-05-16 13:51:15.553137,2026-05-16 13:51:15.553137,
8f17c364-f903-4292-8ae2-6120b1417e54,Choudhary-Sheth AMC,198287,Expired,Annual,2025-08-16,2026-12-05,13815ae1-d9c7-4b60-877c-5b354527caac,2026-05-16 13:51:15.553248,2026-05-16 13:51:15.553248,
213a1df4-298d-494b-b564-3a3f3ca9c6b5,"Som, Aggarwal and Prashad AMC",123117,Active,Annual,2026-02-11,2027-03-30,616ac0bf-be55-4a3c-aa34-f023ca00068f,2026-05-16 13:51:15.553364,2026-05-16 13:51:15.553364,
f1c4759a-882d-43e7-8096-6396298f022e,Das-Bhandari AMC,42625,Expiring Soon,Support,2026-02-12,2026-08-27,0ef691cb-a3b6-4c00-93f4-b28b0fe40706,2026-05-16 13:51:15.553474,2026-05-16 13:51:15.553475,
0f2ab502-0afc-4ade-b634-dfeb30c63622,"Gill, Comar and Korpal AMC",143798,Expired,Annual,2026-04-10,2026-09-30,0c6634a5-fb54-4e6c-91ef-7ec0e2cc3378,2026-05-16 13:51:15.553590,2026-05-16 13:51:15.553591,
68b891cd-6009-43ea-b1a6-731604a98ac3,Padmanabhan-Kaur AMC,78411,Expiring Soon,Annual,2025-11-08,2027-05-15,08bef480-7ca7-4624-9756-6860f8fe8ba5,2026-05-16 13:51:15.553701,2026-05-16 13:51:15.553702,
81b63463-59b0-4c51-8d3a-531e4aeff30b,Bobal-Mander AMC,171979,Active,AMC,2026-03-05,2027-02-13,08bef480-7ca7-4624-9756-6860f8fe8ba5,2026-05-16 13:51:15.553811,2026-05-16 13:51:15.553811,
83a0f448-0cd3-49a5-b072-fbb28e229e9a,Gupta Group AMC,162394,Expiring Soon,Support,2026-05-13,2026-05-28,616ac0bf-be55-4a3c-aa34-f023ca00068f,2026-05-16 13:51:15.553920,2026-05-16 13:51:15.553921,
6bdc89d6-8c10-424d-8f1e-d94be5f1df43,Sankar LLC AMC,124490,Active,Annual,2026-01-28,2027-05-15,85cb5067-c9a3-4ea0-b695-f80c7e19abf2,2026-05-16 13:51:15.554030,2026-05-16 13:51:15.554030,
cc5f7864-eaca-4e0e-b51d-f07af5fb5ab1,"Kuruvilla, Halder and Chaudry AMC",102228,Expiring Soon,Support,2025-08-08,2026-08-31,f8ad7ff5-bd31-4f9e-934f-a32327b5c155,2026-05-16 13:51:15.554145,2026-05-16 13:51:15.554145,
58a19c4a-f90d-4fe1-b2ac-8f108a5081bb,"Manda, Raval and Banerjee AMC",71972,Active,Annual,2026-02-05,2027-01-10,566164f0-b746-41f4-b85a-4806de2c294b,2026-05-16 13:51:15.554259,2026-05-16 13:51:15.554259,
23a7a335-5a34-41eb-8971-0557c7a7ff1a,"Walia, Deo and Sawhney AMC",68793,Expired,Annual,2026-02-01,2027-02-17,7a1b7ad6-e2d2-4e32-9902-ba4caebc581d,2026-05-16 13:51:15.554372,2026-05-16 13:51:15.554372,
12e0197a-42a6-40c5-9178-4cc1309bc486,Amble Group AMC,125888,Expiring Soon,Support,2026-03-14,2026-09-19,5adbfff5-e09e-439c-ac07-42c4619ce4f5,2026-05-16 13:51:15.554483,2026-05-16 13:51:15.554484,
d66366bc-d913-4eb2-8ce8-c1ba397110e9,Sane-Vig AMC,52303,Active,Support,2025-07-30,2026-06-13,6f9c7382-0bb3-450e-aef4-dc8380654217,2026-05-16 13:51:15.554609,2026-05-16 13:51:15.554609,
4967bd44-0b34-43f5-970d-d065fa9be325,Sathe-Sundaram AMC,75629,Expired,AMC,2025-09-02,2026-12-05,a479e5cf-9f94-4433-ad29-445f2f57265f,2026-05-16 13:51:15.554722,2026-05-16 13:51:15.554722,
75aa4805-6d6d-4c41-aec0-b7698f62e707,"Prabhakar, Bala and Nadkarni AMC",49560,Expired,Support,2025-10-05,2026-08-18,3c2514fb-429d-444a-bc6c-7c4a2ce757be,2026-05-16 13:51:15.554839,2026-05-16 13:51:15.554840,
5b8fe423-94a5-4c12-b10c-6d75c92d4d02,"Sama, Ratta and Thakur AMC",165610,Active,AMC,2025-06-26,2026-08-20,7a1b7ad6-e2d2-4e32-9902-ba4caebc581d,2026-05-16 13:51:15.554954,2026-05-16 13:51:15.554954,
b56e1952-6328-4205-be38-7aa8193ec2fd,"Vala, Kaur and Iyengar AMC",120661,Expired,Annual,2025-06-16,2027-03-12,a5499ef3-1ed0-4e7d-b2d8-5e51f825a648,2026-05-16 13:51:15.555069,2026-05-16 13:51:15.555069,
63e8d984-04ec-4019-b9e6-b08eeeba2502,Purohit-Pall AMC,189955,Expired,Support,2025-11-27,2027-04-08,3c2514fb-429d-444a-bc6c-7c4a2ce757be,2026-05-16 13:51:15.555178,2026-05-16 13:51:15.555179,
f4d169c0-0c2d-4aa1-acdd-e4fa8368407c,Chatterjee-Setty AMC,43357,Active,Annual,2026-02-18,2026-08-04,566164f0-b746-41f4-b85a-4806de2c294b,2026-05-16 13:51:15.555291,2026-05-16 13:51:15.555292,
907ce0fe-6f1f-4c54-ac66-2d924e51e691,Mahajan-Hora AMC,190724,Expiring Soon,Support,2025-07-04,2026-11-30,3c2514fb-429d-444a-bc6c-7c4a2ce757be,2026-05-16 13:51:15.555402,2026-05-16 13:51:15.555402,
e0ac8421-d572-43f6-a27d-15e137e3c333,Prasad-Sur AMC,46170,Expired,Support,2025-11-02,2026-11-24,6f9c7382-0bb3-450e-aef4-dc8380654217,2026-05-16 13:51:15.555514,2026-05-16 13:51:15.555515,
6c0837be-3cc4-443c-8217-b8bce4fec913,"Keer, Parekh and Bhardwaj AMC",38956,Expired,Annual,2025-09-13,2027-01-08,42050019-05f0-4de7-b45b-cea5eda7386f,2026-05-16 13:51:15.555632,2026-05-16 13:51:15.555633,
c3e2b082-3846-4ddc-b069-62582fb43551,Chadha LLC AMC,18986,Expired,Annual,2026-04-20,2026-10-10,616ac0bf-be55-4a3c-aa34-f023ca00068f,2026-05-16 13:51:15.555745,2026-05-16 13:51:15.555746,
41bd4bec-5ae3-4955-8cb3-6aa71c73cbf8,"Vala, Balasubramanian and Sethi AMC",159514,Expired,AMC,2026-04-22,2026-06-13,a479e5cf-9f94-4433-ad29-445f2f57265f,2026-05-16 13:51:15.555864,2026-05-16 13:51:15.555864,
4cead7a7-0456-4311-b6bc-8b3473bd7246,D’Alia Inc AMC,126157,Active,Support,2026-02-14,2027-02-13,42050019-05f0-4de7-b45b-cea5eda7386f,2026-05-16 13:51:15.555978,2026-05-16 13:51:15.555978,
a356172e-413d-4c24-aa21-dd7e90cdd083,Sant-Balakrishnan AMC,25011,Expiring Soon,AMC,2025-06-12,2026-06-30,6f9c7382-0bb3-450e-aef4-dc8380654217,2026-05-16 13:51:15.556091,2026-05-16 13:51:15.556092,
50f3f518-d29f-4b9b-9dd1-df07a5640812,Ahuja-Magar AMC,127493,Active,Support,2026-03-27,2027-01-26,616ac0bf-be55-4a3c-aa34-f023ca00068f,2026-05-16 13:51:15.556202,2026-05-16 13:51:15.556202,
7f02d03d-98cb-450c-b66e-486349cbe9da,Sabharwal-Ganesh AMC,159930,Active,Annual,2025-08-05,2027-03-03,e75d85fc-9d80-421a-aa90-2624363de215,2026-05-16 13:51:15.556312,2026-05-16 13:51:15.556313,
95fd9c5a-1a2b-47ba-8d13-180c958ac7c6,Sethi-Raman AMC,192442,Expired,Support,2025-08-13,2027-04-11,3c2514fb-429d-444a-bc6c-7c4a2ce757be,2026-05-16 13:51:15.556424,2026-05-16 13:51:15.556424,
ca2c4ce1-51f0-46db-be4f-a64956b1b359,"Hegde, Pillay and Gera AMC",38497,Expired,AMC,2025-11-21,2026-05-27,566164f0-b746-41f4-b85a-4806de2c294b,2026-05-16 13:51:15.556537,2026-05-16 13:51:15.556538,
2deda924-86fa-4751-8c79-7613825c7e55,Talwar-More AMC,70839,Expired,Annual,2025-08-31,2027-01-07,6f9c7382-0bb3-450e-aef4-dc8380654217,2026-05-16 13:51:15.556663,2026-05-16 13:51:15.556663,
ef59e094-7619-40c0-ae3e-0247f2497369,Das-Anne AMC,21260,Expiring Soon,AMC,2025-08-16,2026-10-21,fca4d392-94e8-47e1-bdb4-3dca1cb88b3a,2026-05-16 13:51:15.556775,2026-05-16 13:51:15.556775,
77669b77-fd5b-4d29-8463-a8b19e320170,Jayaraman-Vyas AMC,127506,Expiring Soon,Support,2025-10-21,2027-02-27,f8ad7ff5-bd31-4f9e-934f-a32327b5c155,2026-05-16 13:51:15.556870,2026-05-16 13:51:15.556870,
a128886a-c449-482b-b569-121be2347392,Datta-Ganguly AMC,180446,Expired,Support,2025-10-13,2026-08-26,0ef691cb-a3b6-4c00-93f4-b28b0fe40706,2026-05-16 13:51:15.556964,2026-05-16 13:51:15.556965,
7a1e83d5-0004-4d00-8a2b-acea0e92b9f6,"Ramakrishnan, Mistry and Johal AMC",130585,Expiring Soon,AMC,2025-11-12,2026-11-04,08bef480-7ca7-4624-9756-6860f8fe8ba5,2026-05-16 13:51:15.557065,2026-05-16 13:51:15.557065,
b3772a3e-0dbc-4c6b-bc94-c3f5b0d26628,Dewan Inc AMC,25967,Active,Support,2026-04-22,2026-10-26,e441befa-88af-4f32-a4b7-caa2f90837a6,2026-05-16 13:51:15.557160,2026-05-16 13:51:15.557160,
7644589a-06d2-4cb8-97d8-870259eb9a0b,Bandi Inc AMC,132348,Active,Annual,2026-01-05,2026-11-04,a479e5cf-9f94-4433-ad29-445f2f57265f,2026-05-16 13:51:15.557255,2026-05-16 13:51:15.557255,
f5229868-4d2d-41d8-b412-1c156e6c53fb,Nagi LLC AMC,145567,Active,AMC,2025-10-30,2026-11-28,a5499ef3-1ed0-4e7d-b2d8-5e51f825a648,2026-05-16 13:51:15.557349,2026-05-16 13:51:15.557350,
53ce5d56-ec13-4fe5-a32c-2e8485eb6619,Khare-Warrior AMC,86211,Active,AMC,2026-01-26,2027-04-10,b6493aae-776e-4baa-a4f2-3d0a8ebbd3a3,2026-05-16 13:51:15.557443,2026-05-16 13:51:15.557443,
eb8f07ae-9359-4321-8e9c-6704eb5db04b,Manne-Dugar AMC,98000,Expired,AMC,2025-09-28,2026-08-10,3c2514fb-429d-444a-bc6c-7c4a2ce757be,2026-05-16 13:51:15.557537,2026-05-16 13:51:15.557537,
ee9eb7f6-92ee-4214-abbd-9b98047a2b3f,"Hayer, Kakar and Sama AMC",158207,Expiring Soon,AMC,2025-11-01,2027-01-22,3c2514fb-429d-444a-bc6c-7c4a2ce757be,2026-05-16 13:51:15.557635,2026-05-16 13:51:15.557635,
a3b44123-eaac-4676-8e87-f44ebc1889b6,Morar Group AMC,44988,Expiring Soon,Support,2025-09-05,2027-04-19,42050019-05f0-4de7-b45b-cea5eda7386f,2026-05-16 13:51:15.557731,2026-05-16 13:51:15.557732,
25b5e843-22c4-41bb-bbf1-e8565bb81e04,"Gara, Doctor and Kalla AMC",66080,Expired,Support,2026-03-03,2026-08-02,a479e5cf-9f94-4433-ad29-445f2f57265f,2026-05-16 13:51:15.557831,2026-05-16 13:51:15.557832,
942dda98-ef85-460b-896e-1ef16aff3caf,Bhakta Inc AMC,48205,Expired,Annual,2025-12-29,2026-10-14,0c6634a5-fb54-4e6c-91ef-7ec0e2cc3378,2026-05-16 13:51:15.557927,2026-05-16 13:51:15.557927,
1c8e3138-82b1-4bc5-b637-cc61d5f2634f,Bajaj-Borde AMC,46992,Expired,Annual,2026-02-05,2027-05-09,5adbfff5-e09e-439c-ac07-42c4619ce4f5,2026-05-16 13:51:15.558021,2026-05-16 13:51:15.558021,
39fbb480-0f58-414d-8fc2-804589c6a56d,Handa Group AMC,161422,Expired,Annual,2025-07-23,2026-06-24,566164f0-b746-41f4-b85a-4806de2c294b,2026-05-16 13:51:15.558115,2026-05-16 13:51:15.558115,
8f52aeba-c79a-4f79-ba54-6823e6e4f78c,Jha-Koshy AMC,50656,Expiring Soon,Support,2026-01-04,2026-08-04,85cb5067-c9a3-4ea0-b695-f80c7e19abf2,2026-05-16 13:51:15.558209,2026-05-16 13:51:15.558209,
98a0ea7c-7342-4f3e-b583-b6369f6730b2,Bhardwaj PLC AMC,145434,Expiring Soon,AMC,2025-12-30,2026-09-26,566164f0-b746-41f4-b85a-4806de2c294b,2026-05-16 13:51:15.558303,2026-05-16 13:51:15.558303,
5aa384a6-5097-4cd2-bc4d-3b43b6f3b22c,Morar Group AMC,67991,Expired,AMC,2026-03-12,2026-06-27,8daeff47-fa6c-4ca6-a276-681e87f1e034,2026-05-16 13:51:15.558397,2026-05-16 13:51:15.558397,
8fbc5f34-217a-467d-984c-52da3fcf5786,"Ramaswamy, Modi and Dash AMC",131177,Expiring Soon,AMC,2026-02-22,2027-03-24,560f2adc-162e-473b-8cd1-0546376e74e9,2026-05-16 13:51:15.558772,2026-05-16 13:51:15.558773,
b4bc8f7b-ce81-4d1d-bfa1-a0ad2da2bf28,Keer-Wali AMC,63547,Active,Support,2026-05-12,2027-01-12,5adbfff5-e09e-439c-ac07-42c4619ce4f5,2026-05-16 13:51:15.559125,2026-05-16 13:51:15.559126,
3e12e555-cb33-48a4-b22b-1d1404dfc4a0,Doctor-Gulati AMC,161018,Expired,AMC,2025-08-09,2027-01-28,95287636-f2f6-4a35-8af3-a9fe68a5d1c0,2026-05-16 13:51:15.559425,2026-05-16 13:51:15.559425,
d6afeb7d-3236-41ef-ad87-4f2dea3e674e,Ray Group AMC,88192,Expired,AMC,2025-05-20,2027-03-25,e75d85fc-9d80-421a-aa90-2624363de215,2026-05-16 13:51:15.559610,2026-05-16 13:51:15.559611,
aae09687-09dc-40cc-b54e-9ce71f896fad,"Radhakrishnan, Majumdar and Vig AMC",86312,Expiring Soon,AMC,2025-05-31,2026-06-20,f8ad7ff5-bd31-4f9e-934f-a32327b5c155,2026-05-16 13:51:15.559948,2026-05-16 13:51:15.559949,
d09c0861-1115-43b4-8079-f8be9b52eb05,"Chad, Garde and Bora AMC",184107,Expiring Soon,Annual,2026-03-23,2026-09-07,e441befa-88af-4f32-a4b7-caa2f90837a6,2026-05-16 13:51:15.560422,2026-05-16 13:51:15.560423,
172d5067-452b-4510-9207-efafb9f884d2,Sunder-Bir AMC,105393,Expiring Soon,Support,2025-06-05,2027-02-23,566164f0-b746-41f4-b85a-4806de2c294b,2026-05-16 13:51:15.560646,2026-05-16 13:51:15.560647,
284a9aa5-0aea-4de3-b571-038dcdd8e19b,Natarajan LLC AMC,197296,Expiring Soon,Support,2026-02-27,2026-08-16,a479e5cf-9f94-4433-ad29-445f2f57265f,2026-05-16 13:51:15.560816,2026-05-16 13:51:15.560817,
9cea40fb-b866-44dd-a6ac-4c721e5bf8e8,Vig-Gulati AMC,194173,Expiring Soon,Support,2026-04-01,2026-05-31,42050019-05f0-4de7-b45b-cea5eda7386f,2026-05-16 13:51:15.560983,2026-05-16 13:51:15.560983,
52614c2d-1beb-444e-af30-8f3a1dcca5aa,Chanda-Ram AMC,63360,Active,Annual,2025-08-22,2026-12-15,13815ae1-d9c7-4b60-877c-5b354527caac,2026-05-16 13:51:15.561146,2026-05-16 13:51:15.561147,
79fb0a00-d328-4f4c-b1dd-d71c021968d5,"Bhavsar, Nazareth and Sibal AMC",132944,Expiring Soon,Annual,2025-12-09,2026-12-10,e43d49a0-a034-48f7-8094-69c8ec022f41,2026-05-16 13:51:15.561317,2026-05-16 13:51:15.561317,
79f6cddf-f49b-4cd0-b527-08b14b0ec62a,Kumer-Sabharwal AMC,140912,Active,Annual,2025-07-30,2027-03-15,95287636-f2f6-4a35-8af3-a9fe68a5d1c0,2026-05-16 13:51:15.561478,2026-05-16 13:51:15.561479,
18bb033c-a778-4a44-99e9-1fec7082b6f4,Pai LLC AMC,51733,Active,Annual,2025-11-19,2026-09-16,a479e5cf-9f94-4433-ad29-445f2f57265f,2026-05-16 13:51:15.561638,2026-05-16 13:51:15.561639,
465a817a-5fc9-4001-9270-fdfb7f40c7b0,"Subramanian, Vig and Murty AMC",145557,Expiring Soon,Annual,2025-10-11,2026-10-30,7a1b7ad6-e2d2-4e32-9902-ba4caebc581d,2026-05-16 13:51:15.561847,2026-05-16 13:51:15.561848,
77421306-cc03-42a6-90ce-b49825997355,Chacko PLC AMC,13145,Active,Support,2026-01-10,2026-08-27,95287636-f2f6-4a35-8af3-a9fe68a5d1c0,2026-05-16 13:51:15.562035,2026-05-16 13:51:15.562036,
5b07608c-ffdc-4e3b-b267-6f27bb346b48,Suresh Group AMC,107118,Active,Support,2025-10-03,2026-11-28,b6493aae-776e-4baa-a4f2-3d0a8ebbd3a3,2026-05-16 13:51:15.562223,2026-05-16 13:51:15.562224,
dce062c3-59a7-4bc2-8ade-0794fb173d01,Ahluwalia PLC AMC,80062,Expired,AMC,2025-05-22,2026-12-18,f9140f89-9c0b-4ce1-8467-c50ef091fb7a,2026-05-16 13:51:15.562418,2026-05-16 13:51:15.562419,
3c3d3341-2697-440c-82ea-6998ca4d6764,Keer-Rai AMC,37685,Active,Support,2025-09-26,2026-07-03,616ac0bf-be55-4a3c-aa34-f023ca00068f,2026-05-16 13:51:15.562573,2026-05-16 13:51:15.562573,
d146ce66-3bde-404e-acdd-2059292f14e6,Zacharia LLC AMC,68396,Expired,AMC,2025-07-05,2027-01-06,e43d49a0-a034-48f7-8094-69c8ec022f41,2026-05-16 13:51:15.562723,2026-05-16 13:51:15.562723,
7285a8e8-e57c-47b6-85dd-5324d28e85b7,"Handa, Magar and Dhaliwal AMC",198990,Active,AMC,2025-11-07,2027-03-17,e43d49a0-a034-48f7-8094-69c8ec022f41,2026-05-16 13:51:15.562880,2026-05-16 13:51:15.562881,
eba92023-9a91-4248-9670-9f2bb7d6025d,"Tiwari, Jain and Balay AMC",23988,Expired,Annual,2026-01-26,2027-03-18,5adbfff5-e09e-439c-ac07-42c4619ce4f5,2026-05-16 13:51:15.563035,2026-05-16 13:51:15.563036,
fa13ba94-1f44-483d-9484-d84b68dc73a6,Om PLC AMC,117208,Expired,Support,2025-06-17,2027-04-18,08bef480-7ca7-4624-9756-6860f8fe8ba5,2026-05-16 13:51:15.563182,2026-05-16 13:51:15.563183,
1e238fd0-5428-4df6-ae14-757e7f58f37c,Ramesh Ltd AMC,128861,Active,Support,2026-03-24,2026-12-13,560f2adc-162e-473b-8cd1-0546376e74e9,2026-05-16 13:51:15.563331,2026-05-16 13:51:15.563331,
057bb421-70e4-4fc8-9ab4-2c97f64c9829,Basak Group AMC,122106,Expired,AMC,2025-05-28,2027-01-17,85cb5067-c9a3-4ea0-b695-f80c7e19abf2,2026-05-16 13:51:15.563484,2026-05-16 13:51:15.563485,
2e64e28c-dcc9-4a7c-8bca-b6b019e5c4a9,Keer-Wable AMC,145852,Expiring Soon,Support,2026-05-07,2026-12-04,e441befa-88af-4f32-a4b7-caa2f90837a6,2026-05-16 13:51:15.563639,2026-05-16 13:51:15.563639,
e6a17e32-8ebe-40bc-a166-a9e89f45bc4a,"Nayar, Kant and Rajagopal AMC",70364,Active,Annual,2026-01-31,2027-03-13,e441befa-88af-4f32-a4b7-caa2f90837a6,2026-05-16 13:51:15.563798,2026-05-16 13:51:15.563798,
aaae7a53-9560-4ec4-80d8-4e9bbe0d4991,"Nagarajan, Ray and Bandi AMC",10085,Expired,Support,2026-05-01,2027-02-06,13815ae1-d9c7-4b60-877c-5b354527caac,2026-05-16 13:51:15.563953,2026-05-16 13:51:15.563953,
2e8077ff-8c7c-4bfa-900c-d9d5cc51668c,"Ahluwalia, Rege and Dora AMC",59655,Active,Support,2025-09-12,2026-08-09,5adbfff5-e09e-439c-ac07-42c4619ce4f5,2026-05-16 13:51:15.564106,2026-05-16 13:51:15.564107,
3874d593-ceb0-458f-80de-1e6afe0f3c36,"Dugar, Madan and Hora AMC",60577,Expired,Annual,2025-10-02,2026-07-10,8daeff47-fa6c-4ca6-a276-681e87f1e034,2026-05-16 13:51:15.564260,2026-05-16 13:51:15.564261,
b81f605e-3500-4d0b-a141-1e4b81195869,Mann Ltd AMC,99438,Expired,AMC,2026-02-15,2026-10-29,f9140f89-9c0b-4ce1-8467-c50ef091fb7a,2026-05-16 13:51:15.564431,2026-05-16 13:51:15.564432,
92d9aa51-a0f1-4ede-b36b-3c0ab03843d7,"Shankar, Jain and Rout AMC",122647,Active,AMC,2025-09-28,2027-02-26,0c6634a5-fb54-4e6c-91ef-7ec0e2cc3378,2026-05-16 13:51:15.564585,2026-05-16 13:51:15.564586,
9341e046-32e2-409e-91df-04f3df42bbf0,"Madan, Sunder and Bhavsar AMC",97647,Active,Support,2026-02-16,2026-07-18,fca4d392-94e8-47e1-bdb4-3dca1cb88b3a,2026-05-16 13:51:15.564740,2026-05-16 13:51:15.564741,
5d10b30a-f3ef-4b87-bdb2-875e39fb14da,"Bhargava, Chaudhari and Goswami AMC",143436,Expired,Annual,2025-07-20,2027-05-08,fca4d392-94e8-47e1-bdb4-3dca1cb88b3a,2026-05-16 13:51:15.564896,2026-05-16 13:51:15.564897,
2d268689-12c7-4f6a-b924-1ac813654779,Banik Ltd AMC,66192,Active,Support,2025-12-29,2026-10-05,b6493aae-776e-4baa-a4f2-3d0a8ebbd3a3,2026-05-16 13:51:15.565046,2026-05-16 13:51:15.565046,
d4eebd61-55b9-4e92-8697-8edafb4ba36d,"Rattan, Mand and Suri AMC",74567,Active,Support,2025-11-22,2026-10-28,13815ae1-d9c7-4b60-877c-5b354527caac,2026-05-16 13:51:15.565201,2026-05-16 13:51:15.565202,
70feaf68-562f-46b7-8fef-d75bfbc3997c,Dugar-Salvi AMC,12894,Expiring Soon,AMC,2025-08-02,2026-10-06,404d7654-52ae-4333-91d7-753b4d63789e,2026-05-16 13:51:15.565348,2026-05-16 13:51:15.565348,
30bee115-9d10-43be-ac2d-1f560581132d,Ramanathan PLC AMC,183412,Expiring Soon,Annual,2025-11-26,2027-04-03,f9140f89-9c0b-4ce1-8467-c50ef091fb7a,2026-05-16 13:51:15.565495,2026-05-16 13:51:15.565496,
f02dafd0-b317-4abf-bae4-9834cdb83808,Master and Sons AMC,40991,Active,Annual,2026-01-26,2027-05-02,3c2514fb-429d-444a-bc6c-7c4a2ce757be,2026-05-16 13:51:15.565643,2026-05-16 13:51:15.565643,
1727a00d-d0c6-4206-81e6-cf97643a75f1,"Sankaran, Soman and Chaudry AMC",83532,Expired,AMC,2026-04-20,2027-05-14,fca4d392-94e8-47e1-bdb4-3dca1cb88b3a,2026-05-16 13:51:15.565797,2026-05-16 13:51:15.565797,
50e88227-0dcb-4c82-8481-350407dea877,Bala-Bora AMC,123756,Expiring Soon,AMC,2026-01-24,2026-10-14,7a1b7ad6-e2d2-4e32-9902-ba4caebc581d,2026-05-16 13:51:15.565943,2026-05-16 13:51:15.565944,
6fdd0c7f-1b7a-44dc-9224-956097a58969,Saha-Chad AMC,110591,Expiring Soon,AMC,2025-09-26,2026-10-18,a5499ef3-1ed0-4e7d-b2d8-5e51f825a648,2026-05-16 13:51:15.566090,2026-05-16 13:51:15.566090,
9f83defa-55d6-43e8-92bd-a4f4a45eeefd,"Dasgupta, Kade and Thaman AMC",27744,Expired,Support,2025-08-21,2026-08-05,a479e5cf-9f94-4433-ad29-445f2f57265f,2026-05-16 13:51:15.566243,2026-05-16 13:51:15.566244,
85276aeb-8681-4bbf-966f-02bde5e9ed0e,"Korpal, Kari and Barad AMC",178500,Expiring Soon,Support,2025-12-30,2026-05-21,0ef691cb-a3b6-4c00-93f4-b28b0fe40706,2026-05-16 13:51:15.566418,2026-05-16 13:51:15.566419,
d214a842-d6ae-4175-9706-8bf849e382e6,Minhas LLC AMC,157160,Expiring Soon,Support,2025-09-23,2026-11-24,3c2514fb-429d-444a-bc6c-7c4a2ce757be,2026-05-16 13:51:15.566566,2026-05-16 13:51:15.566567,
74b55480-77f5-4795-9598-b4bf58bb8536,Seth-Thaker AMC,73233,Expired,AMC,2026-04-04,2026-08-09,08bef480-7ca7-4624-9756-6860f8fe8ba5,2026-05-16 13:51:15.566754,2026-05-16 13:51:15.566755,
630f6d2c-b871-4be1-b165-ebdd60019ffc,"Dora, Gopal and Bhatia AMC",109184,Active,Annual,2026-03-15,2026-10-14,7a1b7ad6-e2d2-4e32-9902-ba4caebc581d,2026-05-16 13:51:15.566943,2026-05-16 13:51:15.566944,
656cab6c-492a-4668-a75c-606fb7eeb2e3,"Lanka, Bose and Choudhury AMC",188636,Expired,Annual,2025-07-15,2027-01-10,3c2514fb-429d-444a-bc6c-7c4a2ce757be,2026-05-16 13:51:15.567168,2026-05-16 13:51:15.567169,
8d6f36f0-777c-427b-b60e-052f80c87ce6,Banerjee Inc AMC,43748,Active,Annual,2025-07-23,2026-06-23,85cb5067-c9a3-4ea0-b695-f80c7e19abf2,2026-05-16 13:51:15.567467,2026-05-16 13:51:15.567468,
2acd6e5d-736f-4fe3-b35d-a5866795da84,Seshadri and Sons AMC,114407,Expired,Support,2025-12-27,2026-09-09,a5499ef3-1ed0-4e7d-b2d8-5e51f825a648,2026-05-16 13:51:15.567663,2026-05-16 13:51:15.567664,
63ee3b06-692b-462b-86df-385d699e37aa,"Kannan, Bose and Sachdeva AMC",126857,Expired,Annual,2025-11-07,2026-06-26,f8ad7ff5-bd31-4f9e-934f-a32327b5c155,2026-05-16 13:51:15.567856,2026-05-16 13:51:15.567857,
b486ef5f-daa3-40b1-89ec-17150786cdff,Dube-Natt AMC,189317,Expired,Support,2025-06-04,2026-07-26,566164f0-b746-41f4-b85a-4806de2c294b,2026-05-16 13:51:15.568042,2026-05-16 13:51:15.568042,
70c05725-65dc-463c-aeca-b13d93b95190,Bumb Ltd AMC,186329,Active,Support,2026-04-30,2027-02-04,6f9c7382-0bb3-450e-aef4-dc8380654217,2026-05-16 13:51:15.568223,2026-05-16 13:51:15.568224,
dfc17e67-5d3a-47c3-90c1-015e77d410d2,Dixit-Murthy AMC,188229,Active,Annual,2025-08-20,2026-05-28,5adbfff5-e09e-439c-ac07-42c4619ce4f5,2026-05-16 13:51:15.568431,2026-05-16 13:51:15.568432,
2bc3c14c-966b-4c26-8cb6-32b1e0b9588b,Varughese-Walia AMC,65765,Expired,AMC,2026-03-04,2027-04-24,a5499ef3-1ed0-4e7d-b2d8-5e51f825a648,2026-05-16 13:51:15.568613,2026-05-16 13:51:15.568614,
345c6446-96df-4cb4-84ac-77f1267b934d,Sur Group AMC,68924,Active,AMC,2025-05-20,2026-09-15,95287636-f2f6-4a35-8af3-a9fe68a5d1c0,2026-05-16 13:51:15.568796,2026-05-16 13:51:15.568797,
12a0efa3-7cae-4d0b-b3ee-a79d1a8f6e11,Prabhu-Desai AMC,35535,Expired,Annual,2026-04-09,2026-09-23,566164f0-b746-41f4-b85a-4806de2c294b,2026-05-16 13:51:15.568978,2026-05-16 13:51:15.568978,
ed06d817-40bf-4ed4-b8fa-fdf92f4f6e67,Tiwari-Khare AMC,175374,Expired,Annual,2026-02-15,2027-05-14,566164f0-b746-41f4-b85a-4806de2c294b,2026-05-16 13:51:15.569156,2026-05-16 13:51:15.569157,
8426abde-ea7c-432f-9d50-e45d276f221f,Apte-Devan AMC,78127,Active,Support,2026-01-26,2026-09-28,13815ae1-d9c7-4b60-877c-5b354527caac,2026-05-16 13:51:15.569336,2026-05-16 13:51:15.569337,
ba2c5fda-ff23-4d61-8e20-0491f14a8c4e,Krishna-Pradhan AMC,188616,Active,Support,2025-10-26,2026-07-25,a5499ef3-1ed0-4e7d-b2d8-5e51f825a648,2026-05-16 13:51:15.569518,2026-05-16 13:51:15.569518,
1b7738e8-3344-4fec-a8d9-9305ef8d9ba1,Saxena Inc AMC,135291,Active,Annual,2025-09-28,2026-11-20,8daeff47-fa6c-4ca6-a276-681e87f1e034,2026-05-16 13:51:15.569697,2026-05-16 13:51:15.569698,
4075500b-aa91-4909-bbdb-b0cfd50b8939,Subramanian and Sons AMC,45553,Active,Support,2025-12-05,2026-11-16,616ac0bf-be55-4a3c-aa34-f023ca00068f,2026-05-16 13:51:15.569879,2026-05-16 13:51:15.569880,
d2a0368c-1975-4c1d-8fc1-e529627da66a,Tailor PLC AMC,123040,Expired,Annual,2025-10-11,2027-04-17,616ac0bf-be55-4a3c-aa34-f023ca00068f,2026-05-16 13:51:15.570060,2026-05-16 13:51:15.570060,
3228c7ff-1810-4311-906f-b5a5122ef675,"Ahluwalia, Ravi and Dubey AMC",173573,Expired,Support,2026-04-13,2026-11-16,a5499ef3-1ed0-4e7d-b2d8-5e51f825a648,2026-05-16 13:51:15.570247,2026-05-16 13:51:15.570248,
c1cd0a84-8b76-4276-9446-c012d617f330,Shroff-Lata AMC,84990,Active,Support,2025-10-19,2027-04-29,08bef480-7ca7-4624-9756-6860f8fe8ba5,2026-05-16 13:51:15.570450,2026-05-16 13:51:15.570451,
9344e207-c167-4ed0-91bd-b4b45734559b,"Palan, Chakraborty and Loke AMC",123841,Active,Annual,2025-11-07,2027-03-14,616ac0bf-be55-4a3c-aa34-f023ca00068f,2026-05-16 13:51:15.570640,2026-05-16 13:51:15.570640,
a16a5e3b-951a-4755-8eb1-13d3233555b0,"Samra, Setty and Gara AMC",53641,Expired,Support,2025-12-31,2026-05-28,566164f0-b746-41f4-b85a-4806de2c294b,2026-05-16 13:51:15.570831,2026-05-16 13:51:15.570832,
313971d3-f0e3-4bfb-ad48-032b47423c88,Puri Group AMC,193433,Expiring Soon,Support,2025-11-07,2026-05-26,616ac0bf-be55-4a3c-aa34-f023ca00068f,2026-05-16 13:51:15.571011,2026-05-16 13:51:15.571012,
b7a25a7d-8761-4870-8ce2-4277f8751e28,"Sethi, Gill and Mandal AMC",129882,Active,AMC,2025-11-29,2026-12-04,0ef691cb-a3b6-4c00-93f4-b28b0fe40706,2026-05-16 13:51:15.571199,2026-05-16 13:51:15.571200,
27ab02ca-a596-4e4e-b34c-fb0df5d592da,Hans-Dash AMC,14028,Expired,AMC,2026-01-01,2027-01-30,7a1b7ad6-e2d2-4e32-9902-ba4caebc581d,2026-05-16 13:51:15.571379,2026-05-16 13:51:15.571379,
6286924c-6ea9-423c-90e1-c7758ba6408d,Nair Ltd AMC,186045,Active,Annual,2025-06-04,2026-08-09,b6493aae-776e-4baa-a4f2-3d0a8ebbd3a3,2026-05-16 13:51:15.571560,2026-05-16 13:51:15.571560,
690e11b2-d17e-4ff0-97c9-ee94b22a4c05,Solanki PLC AMC,197725,Expiring Soon,Support,2026-02-18,2027-05-01,7a1b7ad6-e2d2-4e32-9902-ba4caebc581d,2026-05-16 13:51:15.571739,2026-05-16 13:51:15.571740,
89584c27-a0dd-424f-9c89-a46e3b65117d,Chopra-Kala AMC,187242,Expired,Annual,2026-03-14,2026-11-17,560f2adc-162e-473b-8cd1-0546376e74e9,2026-05-16 13:51:15.571917,2026-05-16 13:51:15.571918,
4d276f06-b62c-4ca6-a74b-2a6a540be1aa,Taneja-Rajan AMC,124761,Expired,AMC,2026-03-25,2027-02-05,404d7654-52ae-4333-91d7-753b4d63789e,2026-05-16 13:51:15.572095,2026-05-16 13:51:15.572096,
672cf36a-4f09-472a-a5f3-adf49a65942c,"Ramesh, Lanka and Ravel AMC",87841,Active,Support,2025-08-27,2027-05-15,f8ad7ff5-bd31-4f9e-934f-a32327b5c155,2026-05-16 13:51:15.572277,2026-05-16 13:51:15.572278,
d9ac8f56-4cc6-4853-9e15-53bc527d5eff,Kapadia PLC AMC,176197,Expired,AMC,2025-07-24,2026-10-16,8daeff47-fa6c-4ca6-a276-681e87f1e034,2026-05-16 13:51:15.572482,2026-05-16 13:51:15.572483,
64f2dbdf-5bdc-4ba1-bf56-9520b44864ac,Narang LLC AMC,46215,Expired,Support,2025-08-08,2027-04-09,e441befa-88af-4f32-a4b7-caa2f90837a6,2026-05-16 13:51:15.572659,2026-05-16 13:51:15.572660,
edb96703-5704-440f-bd1a-8e399dfd5fc1,Dhingra-Seshadri AMC,194527,Expired,Annual,2025-07-10,2026-12-15,fca4d392-94e8-47e1-bdb4-3dca1cb88b3a,2026-05-16 13:51:15.572838,2026-05-16 13:51:15.572839,
7e748a3f-6c6b-40e5-8c56-17e19d3d7d76,Gandhi LLC AMC,148592,Expiring Soon,Annual,2025-11-02,2027-04-17,f9140f89-9c0b-4ce1-8467-c50ef091fb7a,2026-05-16 13:51:15.573017,2026-05-16 13:51:15.573018,
1870629b-bd06-4299-bc14-23dd436e7676,Dara LLC AMC,107400,Expiring Soon,Annual,2025-10-16,2027-04-21,0c6634a5-fb54-4e6c-91ef-7ec0e2cc3378,2026-05-16 13:51:15.573193,2026-05-16 13:51:15.573194,
67b0ad7d-b4b0-432b-838c-81e2666adb00,Saha-Buch AMC,124776,Active,AMC,2025-07-12,2026-06-16,0ef691cb-a3b6-4c00-93f4-b28b0fe40706,2026-05-16 13:51:15.573369,2026-05-16 13:51:15.573369,
956f4f06-71d9-4984-9ab3-eee9e7d32d77,Barad-Murthy AMC,102083,Active,AMC,2026-01-22,2027-04-27,616ac0bf-be55-4a3c-aa34-f023ca00068f,2026-05-16 13:51:15.573550,2026-05-16 13:51:15.573550,
a62412d2-0693-4fac-897e-8086e0037691,Nagi Inc AMC,189079,Expired,Support,2025-07-09,2027-03-23,e441befa-88af-4f32-a4b7-caa2f90837a6,2026-05-16 13:51:15.573728,2026-05-16 13:51:15.573729,
2d7306b2-708f-4a0e-9f28-cd65dd386998,Arora Group AMC,108654,Expired,AMC,2025-10-12,2027-02-27,42050019-05f0-4de7-b45b-cea5eda7386f,2026-05-16 13:51:15.573908,2026-05-16 13:51:15.573909,
b04f41c3-64bf-45cf-aba1-68494f6a22d8,Ahuja Ltd AMC,140449,Expiring Soon,Annual,2025-07-31,2027-01-16,08bef480-7ca7-4624-9756-6860f8fe8ba5,2026-05-16 13:51:15.574088,2026-05-16 13:51:15.574088,
b625f18f-0c55-4742-aaf8-5ec5e3897d2d,"Mohan, Shetty and Brar AMC",117949,Expired,Support,2026-03-07,2027-04-28,b6493aae-776e-4baa-a4f2-3d0a8ebbd3a3,2026-05-16 13:51:15.574275,2026-05-16 13:51:15.574276,
d975e67f-07d9-448d-bccf-761f206325e9,"Bahl, Bajwa and Rama AMC",114178,Active,Support,2026-03-26,2026-06-27,e43d49a0-a034-48f7-8094-69c8ec022f41,2026-05-16 13:51:15.574490,2026-05-16 13:51:15.574490,
60ba668e-1bc7-40b2-a317-e309efb6d997,Sachdeva-Jaggi AMC,168472,Active,Annual,2025-07-10,2026-06-04,e75d85fc-9d80-421a-aa90-2624363de215,2026-05-16 13:51:15.574672,2026-05-16 13:51:15.574672,
8e67fb1c-1671-41e1-9197-d2fa687bfae4,Shan PLC AMC,124499,Expiring Soon,AMC,2025-08-13,2026-08-23,08bef480-7ca7-4624-9756-6860f8fe8ba5,2026-05-16 13:51:15.574851,2026-05-16 13:51:15.574852,
13a189f2-dcdb-449c-ad54-685ea40db46b,Srinivasan-Agarwal AMC,72513,Active,Annual,2025-06-21,2027-05-12,404d7654-52ae-4333-91d7-753b4d63789e,2026-05-16 13:51:15.575034,2026-05-16 13:51:15.575035,
b6254c8b-bee8-4cfa-983f-7a4888f24728,"Sethi, Upadhyay and Ghose AMC",168945,Expired,AMC,2025-05-18,2026-05-16,3c2514fb-429d-444a-bc6c-7c4a2ce757be,2026-05-16 13:51:15.575220,2026-05-16 13:51:15.575221,
8294b5d4-770b-4110-9fdb-29280ce51e89,Oommen Group AMC,164356,Expiring Soon,AMC,2025-12-01,2027-01-21,fca4d392-94e8-47e1-bdb4-3dca1cb88b3a,2026-05-16 13:51:15.575572,2026-05-16 13:51:15.575574,
f1f00e85-6b87-465c-9624-35e6350e1b0f,Nath-Sengupta AMC,43733,Active,Support,2025-11-23,2026-08-13,404d7654-52ae-4333-91d7-753b4d63789e,2026-05-16 13:51:15.575814,2026-05-16 13:51:15.575815,
1b7a340c-421b-4f71-9661-dfef55ff864f,"Sha, Kunda and Bhatnagar AMC",95948,Active,AMC,2025-10-30,2026-07-23,616ac0bf-be55-4a3c-aa34-f023ca00068f,2026-05-16 13:51:15.576011,2026-05-16 13:51:15.576012,
a88a1478-9973-4985-8f9c-a73be14db4e6,Natt-Sachar AMC,15099,Active,AMC,2026-01-29,2026-09-01,616ac0bf-be55-4a3c-aa34-f023ca00068f,2026-05-16 13:51:15.576196,2026-05-16 13:51:15.576196,
6ead1382-3148-432e-b822-6699c4d28d40,Dora PLC AMC,113193,Expired,Annual,2025-10-27,2026-10-06,95287636-f2f6-4a35-8af3-a9fe68a5d1c0,2026-05-16 13:51:15.576409,2026-05-16 13:51:15.576410,
000fe8cd-e569-4a76-b80e-c11e508ba9d2,Bhat and Sons AMC,76070,Expiring Soon,Support,2025-12-07,2027-02-23,8daeff47-fa6c-4ca6-a276-681e87f1e034,2026-05-16 13:51:15.576598,2026-05-16 13:51:15.576599,
0c595681-693b-4621-af5c-ee32d7bcbe75,"Lala, Devan and Sibal AMC",161315,Active,Annual,2025-08-27,2026-05-26,6f9c7382-0bb3-450e-aef4-dc8380654217,2026-05-16 13:51:15.576788,2026-05-16 13:51:15.576789,
bce57a0a-76ca-4dd8-b83d-f55cea02ad01,Dhaliwal and Sons AMC,78106,Expiring Soon,Annual,2025-08-28,2026-06-05,0ef691cb-a3b6-4c00-93f4-b28b0fe40706,2026-05-16 13:51:15.576968,2026-05-16 13:51:15.576969,
12ed2ee0-0d40-47ca-842d-8e2c9e709f09,Mander Inc AMC,121303,Expiring Soon,AMC,2026-04-14,2026-06-09,0ef691cb-a3b6-4c00-93f4-b28b0fe40706,2026-05-16 13:51:15.577149,2026-05-16 13:51:15.577149,
ea6f627f-5925-4890-851d-c4baf9abe272,"Pant, Sundaram and Karpe AMC",121175,Expired,Support,2025-05-22,2026-06-02,42050019-05f0-4de7-b45b-cea5eda7386f,2026-05-16 13:51:15.577333,2026-05-16 13:51:15.577334,
f441206f-9c22-42bf-8e5d-65542f7cb6d6,Kakar and Sons AMC,76693,Expired,AMC,2026-03-23,2026-11-28,a479e5cf-9f94-4433-ad29-445f2f57265f,2026-05-16 13:51:15.577515,2026-05-16 13:51:15.577515,
c13fbf47-e2c2-458d-9eda-1916cf734885,Mohan and Sons AMC,118480,Active,Support,2026-05-13,2026-07-21,e441befa-88af-4f32-a4b7-caa2f90837a6,2026-05-16 13:51:15.577694,2026-05-16 13:51:15.577694,
779423a6-b4e3-4ca0-89b4-8f694c45de3d,Rau-Venkataraman AMC,198153,Expired,Annual,2026-05-05,2026-07-09,3c2514fb-429d-444a-bc6c-7c4a2ce757be,2026-05-16 13:51:15.577872,2026-05-16 13:51:15.577872,
9911aebe-9296-4af6-9923-69f13b284879,Rege-Mital AMC,142147,Expired,Support,2025-06-22,2026-10-12,08bef480-7ca7-4624-9756-6860f8fe8ba5,2026-05-16 13:51:15.578048,2026-05-16 13:51:15.578049,
fe82a090-3d5b-4321-84b5-c279a187fbe5,Mohanty Inc AMC,193298,Active,AMC,2025-10-26,2026-07-22,fca4d392-94e8-47e1-bdb4-3dca1cb88b3a,2026-05-16 13:51:15.578226,2026-05-16 13:51:15.578227,
1e7a111a-e271-4527-9c2a-8e6f7a3d07ca,"Khalsa, Manne and Samra AMC",130039,Expiring Soon,AMC,2026-03-24,2027-02-13,f9140f89-9c0b-4ce1-8467-c50ef091fb7a,2026-05-16 13:51:15.578437,2026-05-16 13:51:15.578437,
6f7d0473-0fed-4a02-95ee-1bf0c79ded19,"Deshmukh, Sharma and Ramanathan AMC",118767,Active,Annual,2025-11-29,2026-10-31,f8ad7ff5-bd31-4f9e-934f-a32327b5c155,2026-05-16 13:51:15.578630,2026-05-16 13:51:15.578631,
27de6660-ecdf-4704-a97e-118a5a351eaf,Kothari Ltd AMC,64530,Expired,Support,2025-08-28,2026-11-19,5adbfff5-e09e-439c-ac07-42c4619ce4f5,2026-05-16 13:51:15.578811,2026-05-16 13:51:15.578812,
a649bd3c-0666-4529-962b-4f4bd51efb3f,Hayre LLC AMC,36349,Active,AMC,2025-08-11,2026-05-24,42050019-05f0-4de7-b45b-cea5eda7386f,2026-05-16 13:51:15.578989,2026-05-16 13:51:15.578990,
ae01e5cb-4a9b-4d69-a9d8-55626f2261c0,"Salvi, Bhatti and Sarraf AMC",27559,Expired,Annual,2026-01-15,2027-03-19,560f2adc-162e-473b-8cd1-0546376e74e9,2026-05-16 13:51:15.579174,2026-05-16 13:51:15.579175,
aab3a98f-f5ee-4752-9507-69aa0a567071,Hari-Chakraborty AMC,119091,Active,Annual,2025-07-15,2026-11-22,6f9c7382-0bb3-450e-aef4-dc8380654217,2026-05-16 13:51:15.579350,2026-05-16 13:51:15.579351,
a08e70a7-8b95-4273-aff9-6a1fba21d00f,Manda-Kaur AMC,161303,Active,Annual,2025-06-30,2026-08-25,0c6634a5-fb54-4e6c-91ef-7ec0e2cc3378,2026-05-16 13:51:15.579525,2026-05-16 13:51:15.579526,
63ab75c8-31e4-4437-9bb2-314f12bec3be,Kunda and Sons AMC,199640,Expiring Soon,Annual,2025-10-04,2026-05-22,f9140f89-9c0b-4ce1-8467-c50ef091fb7a,2026-05-16 13:51:15.579702,2026-05-16 13:51:15.579702,
d9c4989f-79ad-403a-bf14-7f271dd174f0,Ram Inc AMC,102494,Expiring Soon,Support,2025-07-09,2027-03-17,566164f0-b746-41f4-b85a-4806de2c294b,2026-05-16 13:51:15.579874,2026-05-16 13:51:15.579875,
70af86d5-7b6f-40e1-b536-6b8ce1405695,Sidhu-Tiwari AMC,176411,Expired,Annual,2025-06-26,2026-10-02,e75d85fc-9d80-421a-aa90-2624363de215,2026-05-16 13:51:15.580049,2026-05-16 13:51:15.580050,
d31d74ac-5225-40a6-94b2-c33850db6df8,"Bir, Shenoy and Gopal AMC",10064,Expiring Soon,Annual,2026-04-12,2026-06-25,e75d85fc-9d80-421a-aa90-2624363de215,2026-05-16 13:51:15.580233,2026-05-16 13:51:15.580234,
de8cebce-b61a-45db-9356-b161cb178833,Aggarwal and Sons AMC,124228,Expired,Annual,2026-05-04,2027-03-24,b6493aae-776e-4baa-a4f2-3d0a8ebbd3a3,2026-05-16 13:51:15.580432,2026-05-16 13:51:15.580433,
f57b72cb-ddc0-4a71-a16c-eff88c10d587,"Gade, Dass and Narasimhan AMC",170243,Expiring Soon,Support,2025-08-16,2026-07-02,7a1b7ad6-e2d2-4e32-9902-ba4caebc581d,2026-05-16 13:51:15.580620,2026-05-16 13:51:15.580621,
8940e202-bda7-4f3c-8fe6-aaef8453df2d,Kapoor LLC AMC,106702,Expired,Annual,2025-11-29,2027-02-28,13815ae1-d9c7-4b60-877c-5b354527caac,2026-05-16 13:51:15.580799,2026-05-16 13:51:15.580799,
7eea7473-638b-4202-89df-21faafcf79c3,Wadhwa-Sama AMC,66026,Expired,AMC,2025-11-12,2026-12-31,b6493aae-776e-4baa-a4f2-3d0a8ebbd3a3,2026-05-16 13:51:15.580973,2026-05-16 13:51:15.580974,
65a9f510-a094-4d80-b38b-ca882bcdf8c1,Sen Group AMC,32737,Expiring Soon,Support,2025-05-21,2026-08-14,0c6634a5-fb54-4e6c-91ef-7ec0e2cc3378,2026-05-16 13:51:15.581149,2026-05-16 13:51:15.581150,
adf343c8-f1c8-437f-8d9e-1715fb8b56a5,Naidu Group AMC,195638,Expiring Soon,AMC,2026-01-03,2027-05-07,5adbfff5-e09e-439c-ac07-42c4619ce4f5,2026-05-16 13:51:15.581328,2026-05-16 13:51:15.581329,
b251c6c6-cdec-42d6-b634-1d99f56e0e80,Srinivas-Mann AMC,17791,Expiring Soon,Support,2026-04-14,2027-03-31,7a1b7ad6-e2d2-4e32-9902-ba4caebc581d,2026-05-16 13:51:15.581513,2026-05-16 13:51:15.581514,
b580a0d3-1cad-4f9a-84e4-65d619c08d2c,Lal-Purohit AMC,191201,Expired,Support,2025-05-31,2027-02-04,566164f0-b746-41f4-b85a-4806de2c294b,2026-05-16 13:51:15.581695,2026-05-16 13:51:15.581696,
75c891a1-f68b-4a8e-a0f3-a302832448cd,Ramanathan Group AMC,69307,Expired,Support,2025-06-22,2027-04-09,f8ad7ff5-bd31-4f9e-934f-a32327b5c155,2026-05-16 13:51:15.581878,2026-05-16 13:51:15.581879,
11fc5a6c-6b7b-4768-b1d1-69a3c45ea2c7,Sankaran and Sons AMC,177716,Expiring Soon,Support,2025-05-19,2027-03-29,e75d85fc-9d80-421a-aa90-2624363de215,2026-05-16 13:51:15.582061,2026-05-16 13:51:15.582061,
7757ed2a-44c4-4ad8-b4e8-fe369f1528ea,Baral Inc AMC,71057,Expired,AMC,2025-12-03,2026-09-29,3c2514fb-429d-444a-bc6c-7c4a2ce757be,2026-05-16 13:51:15.582240,2026-05-16 13:51:15.582241,
868256a1-d08c-48c6-b783-7f40a9a1e648,Karpe Group AMC,44472,Expired,Annual,2025-12-28,2027-02-20,e441befa-88af-4f32-a4b7-caa2f90837a6,2026-05-16 13:51:15.582443,2026-05-16 13:51:15.582444,
c125b6d3-3747-4fef-84a7-dbc9676ed0cf,"Sur, Sampath and Agate AMC",186189,Active,AMC,2025-08-07,2027-02-01,a479e5cf-9f94-4433-ad29-445f2f57265f,2026-05-16 13:51:15.582636,2026-05-16 13:51:15.582637,
f40bf612-16e4-4cca-bfc1-a8e09ca813f3,"Srinivasan, Peri and Chanda AMC",92925,Expired,AMC,2025-10-07,2026-11-11,404d7654-52ae-4333-91d7-753b4d63789e,2026-05-16 13:51:15.582825,2026-05-16 13:51:15.582825,
a43c95a6-9399-4648-93f0-fe0656cddf88,Mani Ltd AMC,107856,Expiring Soon,Annual,2025-12-13,2026-12-25,95287636-f2f6-4a35-8af3-a9fe68a5d1c0,2026-05-16 13:51:15.583004,2026-05-16 13:51:15.583005,
82f9ba2a-687f-48c1-aa09-8dec7954ae60,"Chad, Bora and Bedi AMC",180157,Expired,AMC,2025-12-12,2027-02-01,b6493aae-776e-4baa-a4f2-3d0a8ebbd3a3,2026-05-16 13:51:15.583190,2026-05-16 13:51:15.583191,
9421b7a2-1c97-4167-8528-a1ab486455c3,Merchant Ltd AMC,21348,Expired,Support,2025-11-22,2027-04-10,7a1b7ad6-e2d2-4e32-9902-ba4caebc581d,2026-05-16 13:51:15.583374,2026-05-16 13:51:15.583374,
fd50f2c6-335b-47c3-8537-dc0ae15e8c25,Khatri LLC AMC,23078,Expired,Annual,2026-04-22,2027-03-11,0ef691cb-a3b6-4c00-93f4-b28b0fe40706,2026-05-16 13:51:15.583554,2026-05-16 13:51:15.583555,
6a5c536c-97d5-444f-823d-9a99d126f33e,Sane LLC AMC,40021,Active,Support,2025-06-03,2026-09-07,8daeff47-fa6c-4ca6-a276-681e87f1e034,2026-05-16 13:51:15.583792,2026-05-16 13:51:15.583793,
0dbf6421-15c3-4188-ab9f-d83e858915be,Virk Inc AMC,94412,Active,AMC,2025-11-02,2027-04-20,7a1b7ad6-e2d2-4e32-9902-ba4caebc581d,2026-05-16 13:51:15.584196,2026-05-16 13:51:15.584198,
3256be6c-5b73-462f-8fc1-49e21839977f,"Vohra, Pradhan and Raju AMC",15641,Active,AMC,2026-04-06,2027-05-14,7a1b7ad6-e2d2-4e32-9902-ba4caebc581d,2026-05-16 13:51:15.584500,2026-05-16 13:51:15.584501,
9c59dfb5-afae-4222-a85d-636f21f854e0,Borra PLC AMC,70841,Expiring Soon,AMC,2025-09-21,2027-03-27,3c2514fb-429d-444a-bc6c-7c4a2ce757be,2026-05-16 13:51:15.584694,2026-05-16 13:51:15.584695,
8d228036-b584-48fd-947e-6bdca117e805,Kapur-Agate AMC,116508,Expired,Support,2025-09-23,2026-09-23,0ef691cb-a3b6-4c00-93f4-b28b0fe40706,2026-05-16 13:51:15.584884,2026-05-16 13:51:15.584885,
443042f4-7efb-4036-ab05-ec056337e8c9,Mall-Dhingra AMC,107265,Expiring Soon,Annual,2025-12-08,2027-03-04,85cb5067-c9a3-4ea0-b695-f80c7e19abf2,2026-05-16 13:51:15.585069,2026-05-16 13:51:15.585070,
db142991-48f0-4439-8f3f-bcf46ed6b0fd,Garg-Solanki AMC,35165,Expiring Soon,AMC,2025-07-13,2027-05-04,e441befa-88af-4f32-a4b7-caa2f90837a6,2026-05-16 13:51:15.585252,2026-05-16 13:51:15.585253,
73fe5f6a-da36-4108-b0b8-8feff8ee07a3,Nair-Srinivasan AMC,154298,Expiring Soon,AMC,2025-08-25,2027-05-10,13815ae1-d9c7-4b60-877c-5b354527caac,2026-05-16 13:51:15.585436,2026-05-16 13:51:15.585437,
c7e287d2-514d-4678-a986-17bb698148c5,Manne Group AMC,137073,Expiring Soon,AMC,2025-11-22,2026-12-31,85cb5067-c9a3-4ea0-b695-f80c7e19abf2,2026-05-16 13:51:15.585616,2026-05-16 13:51:15.585617,
1232cf84-3636-4b49-a381-415082afeb7b,"Raghavan, Hayre and Kakar AMC",121504,Active,Support,2025-08-28,2027-04-13,f9140f89-9c0b-4ce1-8467-c50ef091fb7a,2026-05-16 13:51:15.585807,2026-05-16 13:51:15.585807,
8810e86d-d195-4ecd-a4e5-b016b6e6179b,Tella Ltd AMC,155897,Active,AMC,2025-11-17,2026-11-03,f9140f89-9c0b-4ce1-8467-c50ef091fb7a,2026-05-16 13:51:15.585986,2026-05-16 13:51:15.585987,
74d8dcaa-2d18-4c91-bd5e-74c623ca787c,Tiwari-Manda AMC,84969,Expired,Support,2025-05-20,2027-05-13,0ef691cb-a3b6-4c00-93f4-b28b0fe40706,2026-05-16 13:51:15.586166,2026-05-16 13:51:15.586167,
0ede71e5-015b-45ad-9753-b4e03135f56b,Dora-Aurora AMC,178306,Active,AMC,2026-02-14,2026-08-31,0ef691cb-a3b6-4c00-93f4-b28b0fe40706,2026-05-16 13:51:15.586354,2026-05-16 13:51:15.586354,
9ff5ca3f-3bc8-48bf-ab50-81eab76cfa93,"Dugar, Mukhopadhyay and Kant AMC",25575,Expired,Support,2026-02-11,2026-12-26,95287636-f2f6-4a35-8af3-a9fe68a5d1c0,2026-05-16 13:51:15.586569,2026-05-16 13:51:15.586570,
8e801f10-4ea7-4c7f-9ada-9d5e53d6e01f,Oak and Sons AMC,150261,Expiring Soon,Annual,2025-05-25,2027-05-03,616ac0bf-be55-4a3c-aa34-f023ca00068f,2026-05-16 13:51:15.586750,2026-05-16 13:51:15.586751,
0809c175-6558-4b97-a9cb-346c7e93d0fb,Munshi-Mitter AMC,187973,Expiring Soon,Support,2026-02-08,2026-07-04,616ac0bf-be55-4a3c-aa34-f023ca00068f,2026-05-16 13:51:15.586929,2026-05-16 13:51:15.586930,
c4f4c99a-181b-4212-8148-e939834961ef,"Padmanabhan, Bhavsar and Mistry AMC",51145,Active,Support,2025-10-07,2026-12-20,8daeff47-fa6c-4ca6-a276-681e87f1e034,2026-05-16 13:51:15.587119,2026-05-16 13:51:15.587120,
b95ab920-e1dc-4103-9077-76a5019c8b6c,"Gade, Saini and Singhal AMC",136608,Expiring Soon,AMC,2026-02-14,2027-03-24,8daeff47-fa6c-4ca6-a276-681e87f1e034,2026-05-16 13:51:15.587310,2026-05-16 13:51:15.587311,
934cbee9-06f4-486e-9fc5-061128211312,"Tripathi, Tara and Tripathi AMC",26017,Expired,Support,2026-04-27,2026-12-23,3c2514fb-429d-444a-bc6c-7c4a2ce757be,2026-05-16 13:51:15.587500,2026-05-16 13:51:15.587501,
cd73639f-c2a3-42af-95a3-66583a3e2b2d,Divan-Muni AMC,69620,Expiring Soon,AMC,2025-07-02,2026-10-24,08bef480-7ca7-4624-9756-6860f8fe8ba5,2026-05-16 13:51:15.587681,2026-05-16 13:51:15.587682,
cf80b985-3969-4756-82cf-c63856e6bb0e,Talwar Inc AMC,113401,Expired,Support,2026-03-07,2027-03-09,7a1b7ad6-e2d2-4e32-9902-ba4caebc581d,2026-05-16 13:51:15.587859,2026-05-16 13:51:15.587860,
6ddfbafe-b8f8-4914-befd-63f82524070d,"Hora, Sura and Wable AMC",189311,Active,Annual,2025-06-16,2027-02-21,5adbfff5-e09e-439c-ac07-42c4619ce4f5,2026-05-16 13:51:15.588045,2026-05-16 13:51:15.588046,
bb3285ba-9a19-45f8-8bd3-40f76a0b8a91,"Dave, Garde and Srinivas AMC",122336,Expiring Soon,Support,2026-04-26,2026-10-03,404d7654-52ae-4333-91d7-753b4d63789e,2026-05-16 13:51:15.588231,2026-05-16 13:51:15.588232,
9f5c1507-0404-48c0-8466-e46b87adbbbe,Devi PLC AMC,177345,Expiring Soon,Support,2025-10-19,2027-03-16,560f2adc-162e-473b-8cd1-0546376e74e9,2026-05-16 13:51:15.588428,2026-05-16 13:51:15.588429,
fe8f68fb-9f6f-4937-908c-7ec091028b08,Talwar-Acharya AMC,181810,Active,AMC,2026-02-13,2027-02-21,e43d49a0-a034-48f7-8094-69c8ec022f41,2026-05-16 13:51:15.588617,2026-05-16 13:51:15.588617,
3c5cb6e7-7695-44c3-84eb-9349a80eb09c,Raj-Deshpande AMC,180413,Expiring Soon,Support,2026-03-19,2027-03-06,fca4d392-94e8-47e1-bdb4-3dca1cb88b3a,2026-05-16 13:51:15.588796,2026-05-16 13:51:15.588797,
d3bbdcf5-6a4e-432c-92e7-17542f4df7cf,Kamdar LLC AMC,46726,Expiring Soon,Annual,2026-05-09,2027-01-07,13815ae1-d9c7-4b60-877c-5b354527caac,2026-05-16 13:51:15.588976,2026-05-16 13:51:15.588977,
33a63716-55db-4b3b-8220-35b506773d4e,Sachdeva Inc AMC,34093,Active,Support,2025-08-01,2026-09-11,13815ae1-d9c7-4b60-877c-5b354527caac,2026-05-16 13:51:15.589154,2026-05-16 13:51:15.589155,
a29e555a-78cc-4ac7-bfc2-6abceeb464ec,Joshi Group AMC,155108,Expired,AMC,2026-04-07,2026-09-27,0c6634a5-fb54-4e6c-91ef-7ec0e2cc3378,2026-05-16 13:51:15.589333,2026-05-16 13:51:15.589334,
a2c09c03-3fcd-4487-b41c-54708e1aae7e,Comar PLC AMC,146177,Expired,AMC,2026-05-03,2026-08-06,0ef691cb-a3b6-4c00-93f4-b28b0fe40706,2026-05-16 13:51:15.589512,2026-05-16 13:51:15.589512,
29433e69-c6d3-4981-897d-0058f318a8ad,"Krish, Lanka and Vala AMC",66701,Active,AMC,2025-11-18,2026-05-19,7a1b7ad6-e2d2-4e32-9902-ba4caebc581d,2026-05-16 13:51:15.589697,2026-05-16 13:51:15.589697,
eb419511-5423-4d1a-ad1f-629319152e52,Subramanian-Acharya AMC,24877,Expired,Support,2026-03-06,2026-08-25,95287636-f2f6-4a35-8af3-a9fe68a5d1c0,2026-05-16 13:51:15.589873,2026-05-16 13:51:15.589874,
26211d5f-8449-45dc-b544-a5b169da6a7d,Deshpande PLC AMC,39460,Active,Support,2025-07-03,2026-12-14,13815ae1-d9c7-4b60-877c-5b354527caac,2026-05-16 13:51:15.590053,2026-05-16 13:51:15.590054,
f3698675-bf3b-4fa2-ac4a-dcb6c7e2aa34,"Sami, Narayanan and Panchal AMC",130477,Expired,AMC,2025-08-31,2026-05-26,0c6634a5-fb54-4e6c-91ef-7ec0e2cc3378,2026-05-16 13:51:15.590238,2026-05-16 13:51:15.590238,
66e78042-f495-4f09-bc35-1df7f2b3d048,Patil-Chaudhary AMC,89196,Expired,AMC,2026-04-08,2027-05-12,0ef691cb-a3b6-4c00-93f4-b28b0fe40706,2026-05-16 13:51:15.590435,2026-05-16 13:51:15.590436,
e5cba80d-e398-4e5f-8c76-ea5dc48b60f2,Bajaj Group AMC,36124,Expiring Soon,Support,2025-06-04,2027-04-20,f8ad7ff5-bd31-4f9e-934f-a32327b5c155,2026-05-16 13:51:15.590621,2026-05-16 13:51:15.590622,
04e829fd-1f3f-4e69-857f-5a4808051c4a,Lata LLC AMC,38466,Expiring Soon,Annual,2025-11-29,2026-06-19,08bef480-7ca7-4624-9756-6860f8fe8ba5,2026-05-16 13:51:15.590801,2026-05-16 13:51:15.590802,
dc082c77-cf20-4af9-a7f4-0853df9303b0,"Upadhyay, Ravel and Raju AMC",29200,Expiring Soon,AMC,2026-02-09,2026-06-14,8daeff47-fa6c-4ca6-a276-681e87f1e034,2026-05-16 13:51:15.590987,2026-05-16 13:51:15.590987,
9c7ae4b6-8e7c-4ecc-8fe6-4f5407d272e2,Sama Group AMC,160290,Active,Support,2026-05-10,2026-12-25,8daeff47-fa6c-4ca6-a276-681e87f1e034,2026-05-16 13:51:15.591165,2026-05-16 13:51:15.591165,
9b2cc40a-fbc5-41ca-8a4c-1935d898a875,"Borah, More and Nath AMC",157214,Expired,Annual,2025-11-27,2026-09-28,13815ae1-d9c7-4b60-877c-5b354527caac,2026-05-16 13:51:15.591350,2026-05-16 13:51:15.591351,
dab5a2ff-6ca8-4e2e-a7a5-40e71a747ff0,Kohli-Barman AMC,134668,Active,AMC,2025-12-24,2026-10-14,5adbfff5-e09e-439c-ac07-42c4619ce4f5,2026-05-16 13:51:15.591530,2026-05-16 13:51:15.591531,
3963ed0c-f315-45bd-8a6f-198ee12e7a22,Gupta PLC AMC,98302,Expired,Support,2025-06-24,2027-03-09,f9140f89-9c0b-4ce1-8467-c50ef091fb7a,2026-05-16 13:51:15.591711,2026-05-16 13:51:15.591712,
d76de769-8bc2-4743-9a2f-74d91f0895d2,Hayer Ltd AMC,130523,Expiring Soon,AMC,2025-09-09,2026-07-14,616ac0bf-be55-4a3c-aa34-f023ca00068f,2026-05-16 13:51:15.591873,2026-05-16 13:51:15.591873,
8246230c-0d59-4bd4-a37b-84d896b91896,"Ganesan, Wali and Badal AMC",69795,Expired,Support,2025-11-22,2026-12-13,566164f0-b746-41f4-b85a-4806de2c294b,2026-05-16 13:51:15.592025,2026-05-16 13:51:15.592026,
593b687a-33a1-42e5-8691-aee413bfd8a5,"Sachar, Dhillon and Bahl AMC",181820,Expiring Soon,Support,2026-03-24,2026-12-15,3c2514fb-429d-444a-bc6c-7c4a2ce757be,2026-05-16 13:51:15.592172,2026-05-16 13:51:15.592173,
d616a4f2-8ca3-484d-bfec-65500b3e465c,Khosla-Butala AMC,59164,Expiring Soon,Support,2025-07-28,2026-09-04,5adbfff5-e09e-439c-ac07-42c4619ce4f5,2026-05-16 13:51:15.592314,2026-05-16 13:51:15.592315,
b73918af-575e-40e4-a856-8f74d6f7a20b,Kalla LLC AMC,115565,Expiring Soon,Support,2026-03-12,2027-04-22,fca4d392-94e8-47e1-bdb4-3dca1cb88b3a,2026-05-16 13:51:15.592475,2026-05-16 13:51:15.592475,
579bfa08-6305-4c60-9e32-a76c929f0afe,Sheth-Hari AMC,131369,Expired,Support,2026-03-26,2027-02-14,f8ad7ff5-bd31-4f9e-934f-a32327b5c155,2026-05-16 13:51:15.592622,2026-05-16 13:51:15.592623,
96848c7f-c4fa-4559-be83-6d1fbc7eecce,Dasgupta Group AMC,197462,Expiring Soon,Annual,2025-05-25,2026-12-11,42050019-05f0-4de7-b45b-cea5eda7386f,2026-05-16 13:51:15.592768,2026-05-16 13:51:15.592769,
3efb39cf-2142-4ad7-aad7-fa46bc41ef8b,Dutta Ltd AMC,12929,Active,AMC,2025-11-06,2026-07-23,0c6634a5-fb54-4e6c-91ef-7ec0e2cc3378,2026-05-16 13:51:15.592908,2026-05-16 13:51:15.592909,
0ed057d3-8c13-4074-a77a-efe405c7abee,Raj-Mutti AMC,182471,Expiring Soon,Support,2026-02-28,2026-07-14,a5499ef3-1ed0-4e7d-b2d8-5e51f825a648,2026-05-16 13:51:15.593052,2026-05-16 13:51:15.593053,
3a76ec0c-2607-4f6f-b062-8c9bc53ac011,Srivastava-Mangat AMC,132196,Expired,Support,2025-11-29,2026-10-30,6f9c7382-0bb3-450e-aef4-dc8380654217,2026-05-16 13:51:15.593192,2026-05-16 13:51:15.593193,
e3ca89ce-c628-43f4-bc6b-9e86c1d1863f,"Lanka, Rout and Kapadia AMC",143918,Expired,Support,2025-10-07,2027-01-18,13815ae1-d9c7-4b60-877c-5b354527caac,2026-05-16 13:51:15.593338,2026-05-16 13:51:15.593339,
80d5a50d-b425-426b-932a-0a5dea7d2e44,Lala LLC AMC,135760,Active,Annual,2025-05-16,2026-08-14,a479e5cf-9f94-4433-ad29-445f2f57265f,2026-05-16 13:51:15.593479,2026-05-16 13:51:15.593479,
daf288ac-2201-442b-841c-016a203dd675,"Deo, Oommen and Gala AMC",94014,Expiring Soon,Annual,2025-12-18,2027-03-09,a5499ef3-1ed0-4e7d-b2d8-5e51f825a648,2026-05-16 13:51:15.593628,2026-05-16 13:51:15.593629,
9c02b2c0-fc4c-48c1-9ea2-76365c3b57d8,Sahota-Rastogi AMC,72110,Expiring Soon,Support,2025-09-24,2026-10-28,0c6634a5-fb54-4e6c-91ef-7ec0e2cc3378,2026-05-16 13:51:15.593768,2026-05-16 13:51:15.593769,
52abd8dd-4d16-4b79-9f54-ab4c9529d656,Chaudhary PLC AMC,30764,Expired,AMC,2025-12-07,2027-01-29,e43d49a0-a034-48f7-8094-69c8ec022f41,2026-05-16 13:51:15.593909,2026-05-16 13:51:15.593910,
dd7b295b-5dc7-4e80-8543-16003e4b3814,Mane and Sons AMC,101819,Expiring Soon,Support,2026-03-30,2026-10-30,8daeff47-fa6c-4ca6-a276-681e87f1e034,2026-05-16 13:51:15.594050,2026-05-16 13:51:15.594051,
356f3e5c-d002-4626-a395-55cd194bcd8c,"Chaudhry, Bath and Taneja AMC",68481,Expiring Soon,Annual,2026-02-18,2027-03-04,404d7654-52ae-4333-91d7-753b4d63789e,2026-05-16 13:51:15.594197,2026-05-16 13:51:15.594198,
51227843-cc5a-4f8a-8e92-7fcb5e2cb3f3,"Bhavsar, Mand and Pandey AMC",11963,Active,Annual,2025-09-10,2026-10-08,6f9c7382-0bb3-450e-aef4-dc8380654217,2026-05-16 13:51:15.594344,2026-05-16 13:51:15.594345,
e051dc6d-896b-491e-9972-dd1b5644ca85,Konda-Padmanabhan AMC,126495,Active,Support,2026-02-15,2027-05-13,fca4d392-94e8-47e1-bdb4-3dca1cb88b3a,2026-05-16 13:51:15.594503,2026-05-16 13:51:15.594504,
b216e572-4e1b-4bb9-95db-ccc54882e2a7,Majumdar LLC AMC,73723,Expiring Soon,Annual,2026-04-20,2026-11-04,3c2514fb-429d-444a-bc6c-7c4a2ce757be,2026-05-16 13:51:15.594645,2026-05-16 13:51:15.594646,
03744781-b556-4f5d-8ad7-e33fc414bd3d,"Saha, Bhasin and Tella AMC",121039,Expiring Soon,Annual,2025-11-18,2026-12-13,a5499ef3-1ed0-4e7d-b2d8-5e51f825a648,2026-05-16 13:51:15.594791,2026-05-16 13:51:15.594791,
e44d1e37-1159-4ba3-89a8-0c46a410a932,"Bajwa, Konda and Sant AMC",192229,Expired,Support,2025-07-10,2027-01-25,fca4d392-94e8-47e1-bdb4-3dca1cb88b3a,2026-05-16 13:51:15.594950,2026-05-16 13:51:15.594950,
8e65a2ad-efcd-46f1-a852-b55a5499ac10,Hayer-Wason AMC,61700,Expired,Annual,2025-07-08,2026-07-16,3c2514fb-429d-444a-bc6c-7c4a2ce757be,2026-05-16 13:51:15.595093,2026-05-16 13:51:15.595094,
dd4ffdaf-7e32-40db-9f4a-24e50cfe5f6d,Morar Ltd AMC,144160,Expiring Soon,AMC,2025-08-14,2027-01-03,404d7654-52ae-4333-91d7-753b4d63789e,2026-05-16 13:51:15.595236,2026-05-16 13:51:15.595236,
ec7e5c47-c08e-4994-94ab-fc5ee6c59660,"Kumer, Butala and Raman AMC",174407,Expired,AMC,2025-06-22,2027-03-11,5adbfff5-e09e-439c-ac07-42c4619ce4f5,2026-05-16 13:51:15.595385,2026-05-16 13:51:15.595385,
6f066e96-b800-4034-afc7-ea4a283c04f4,Nigam and Sons AMC,70874,Expiring Soon,Annual,2025-07-22,2026-06-06,3c2514fb-429d-444a-bc6c-7c4a2ce757be,2026-05-16 13:51:15.595527,2026-05-16 13:51:15.595527,
f6680d84-f350-43bb-a566-e4c3dc16adb9,"Venkatesh, More and Loke AMC",198047,Expired,Annual,2025-05-24,2027-01-09,b6493aae-776e-4baa-a4f2-3d0a8ebbd3a3,2026-05-16 13:51:15.595675,2026-05-16 13:51:15.595676,
78ccd157-1583-47fd-badd-c0a8ab81802c,Deshmukh-Gole AMC,173250,Expiring Soon,AMC,2025-10-09,2026-07-28,6f9c7382-0bb3-450e-aef4-dc8380654217,2026-05-16 13:51:15.595814,2026-05-16 13:51:15.595815,
fd35be15-071d-4099-8437-facf564e0b52,Yogi-Lalla AMC,68118,Expiring Soon,Annual,2026-02-25,2026-06-06,0c6634a5-fb54-4e6c-91ef-7ec0e2cc3378,2026-05-16 13:51:15.595953,2026-05-16 13:51:15.595954,
9932c699-2a04-4538-a89f-653abf2330ad,Singh-Basu AMC,136884,Active,AMC,2025-10-05,2027-01-23,6f9c7382-0bb3-450e-aef4-dc8380654217,2026-05-16 13:51:15.596090,2026-05-16 13:51:15.596091,
6b92c04b-23ba-4245-8bae-afa6f7a6f544,Bhatti-Narayan AMC,22264,Expired,Annual,2025-10-15,2027-02-28,e75d85fc-9d80-421a-aa90-2624363de215,2026-05-16 13:51:15.596226,2026-05-16 13:51:15.596227,
6fadf1da-fdd5-4a74-adbd-14f6d6dd2864,"Nazareth, Garde and Sarkar AMC",123770,Expired,Support,2025-06-25,2026-10-05,fca4d392-94e8-47e1-bdb4-3dca1cb88b3a,2026-05-16 13:51:15.596373,2026-05-16 13:51:15.596373,
a0fd914d-ca65-479d-8047-f9c26a41205c,Parmer Ltd AMC,180056,Expiring Soon,Support,2025-09-18,2026-06-25,6f9c7382-0bb3-450e-aef4-dc8380654217,2026-05-16 13:51:15.596533,2026-05-16 13:51:15.596533,
5e32ed2e-2d60-49e5-9b9a-e1d2ce993487,Salvi LLC AMC,86723,Expiring Soon,Support,2026-02-02,2026-08-31,5adbfff5-e09e-439c-ac07-42c4619ce4f5,2026-05-16 13:51:15.596677,2026-05-16 13:51:15.596677,
39f455b4-6dcc-4598-b001-455466f71fd3,Mitter-Dhillon AMC,30530,Expiring Soon,Annual,2026-01-03,2026-09-19,95287636-f2f6-4a35-8af3-a9fe68a5d1c0,2026-05-16 13:51:15.596815,2026-05-16 13:51:15.596815,
8c6fa4cf-b78d-4e97-94f1-eaa07fe98705,Bhardwaj Group AMC,184944,Active,AMC,2025-06-17,2026-12-28,3c2514fb-429d-444a-bc6c-7c4a2ce757be,2026-05-16 13:51:15.596932,2026-05-16 13:51:15.596932,
55d0c538-b9e6-4dd6-9378-8f57615b3369,"Shan, Munshi and Arya AMC",158189,Expiring Soon,Annual,2026-02-05,2026-11-10,0c6634a5-fb54-4e6c-91ef-7ec0e2cc3378,2026-05-16 13:51:15.597052,2026-05-16 13:51:15.597053,
53b1e05c-1a3b-43da-ae7f-efc4efce8f4c,"Mannan, Datta and Tailor AMC",64398,Expiring Soon,AMC,2025-11-02,2027-05-14,f9140f89-9c0b-4ce1-8467-c50ef091fb7a,2026-05-16 13:51:15.597174,2026-05-16 13:51:15.597174,
67d95609-03d4-4501-87ec-585652bea93a,"Balakrishnan, Dutta and Bhatt AMC",100103,Expired,AMC,2025-09-22,2026-07-28,7a1b7ad6-e2d2-4e32-9902-ba4caebc581d,2026-05-16 13:51:15.597297,2026-05-16 13:51:15.597297,
3941857c-0d16-4cef-93bf-298ed9fc7a93,"Shanker, Bala and Batra AMC",47483,Active,AMC,2026-04-10,2026-09-07,0ef691cb-a3b6-4c00-93f4-b28b0fe40706,2026-05-16 13:51:15.597419,2026-05-16 13:51:15.597420,
e49c7d1a-270d-43c6-98b0-244a86ff7369,Raja-Handa AMC,66502,Expired,Support,2025-12-09,2026-08-27,fca4d392-94e8-47e1-bdb4-3dca1cb88b3a,2026-05-16 13:51:15.597537,2026-05-16 13:51:15.597537,
26b926f9-f37f-4260-92da-3dbf5222daf0,Kohli and Sons AMC,194953,Expiring Soon,Annual,2025-10-03,2026-08-19,e75d85fc-9d80-421a-aa90-2624363de215,2026-05-16 13:51:15.597653,2026-05-16 13:51:15.597654,
19f44ee8-a8b7-4aba-b6d3-8a02b7ca3cab,Kulkarni-Desai AMC,100382,Active,AMC,2025-11-10,2026-11-26,7a1b7ad6-e2d2-4e32-9902-ba4caebc581d,2026-05-16 13:51:15.597771,2026-05-16 13:51:15.597771,
63c0ea56-0dbf-4c12-93b9-cfe1e7031739,"Nayak, Kale and Raghavan AMC",104870,Expired,AMC,2025-07-05,2026-08-24,fca4d392-94e8-47e1-bdb4-3dca1cb88b3a,2026-05-16 13:51:15.597891,2026-05-16 13:51:15.597891,
329cee1b-84cd-4026-a38c-61b04f5763f1,Bahri Ltd AMC,192178,Active,AMC,2025-10-07,2026-11-06,0c6634a5-fb54-4e6c-91ef-7ec0e2cc3378,2026-05-16 13:51:15.598005,2026-05-16 13:51:15.598005,
d0208a8e-fe64-4162-8d8a-23cedbc2bc42,Buch-Chad AMC,151586,Expiring Soon,AMC,2025-09-07,2026-11-21,566164f0-b746-41f4-b85a-4806de2c294b,2026-05-16 13:51:15.598122,2026-05-16 13:51:15.598122,
e44a2f7e-0f08-453a-9607-1c7486a75499,Nagar-Naik AMC,152154,Expiring Soon,Annual,2026-03-28,2027-02-14,e43d49a0-a034-48f7-8094-69c8ec022f41,2026-05-16 13:51:15.598237,2026-05-16 13:51:15.598238,
12e207b0-4691-4dc3-a2f9-b67df146be72,"Kant, Chawla and Dash AMC",185498,Active,AMC,2025-07-01,2027-03-25,616ac0bf-be55-4a3c-aa34-f023ca00068f,2026-05-16 13:51:15.598357,2026-05-16 13:51:15.598358,
bab6d3aa-8b83-489c-b73e-d3ef93861ec4,Bassi PLC AMC,197133,Active,Annual,2026-03-11,2026-10-01,a5499ef3-1ed0-4e7d-b2d8-5e51f825a648,2026-05-16 13:51:15.598489,2026-05-16 13:51:15.598489,
032cb987-d59e-4da3-ae45-0d764c89be6d,Chahal-Narayan AMC,98380,Expired,Annual,2025-06-18,2026-07-31,a5499ef3-1ed0-4e7d-b2d8-5e51f825a648,2026-05-16 13:51:15.598607,2026-05-16 13:51:15.598608,
8870bf35-7d40-4ede-89dc-015c3115a24d,Rai-Deo AMC,180602,Active,AMC,2025-08-28,2026-11-23,616ac0bf-be55-4a3c-aa34-f023ca00068f,2026-05-16 13:51:15.598723,2026-05-16 13:51:15.598723,
5dede5ba-94f6-4b00-9371-fff728dbd368,Chopra-Narang AMC,114257,Expiring Soon,AMC,2025-09-21,2026-05-24,b6493aae-776e-4baa-a4f2-3d0a8ebbd3a3,2026-05-16 13:51:15.598839,2026-05-16 13:51:15.598839,
20be78bd-3814-4766-8ee3-48d383bf73af,Comar-Bansal AMC,107510,Expired,AMC,2026-04-21,2027-04-18,5adbfff5-e09e-439c-ac07-42c4619ce4f5,2026-05-16 13:51:15.598954,2026-05-16 13:51:15.598954,
5c6710f6-56e1-4418-88a0-77ddcbb8f9bd,"Dhaliwal, Mangat and Sura AMC",40054,Expiring Soon,AMC,2025-06-03,2026-05-23,a479e5cf-9f94-4433-ad29-445f2f57265f,2026-05-16 13:51:15.599075,2026-05-16 13:51:15.599075,
db696a87-ccef-4e5b-96e4-01cbcc1fa4a6,Manda PLC AMC,186492,Active,AMC,2026-04-13,2027-01-04,b6493aae-776e-4baa-a4f2-3d0a8ebbd3a3,2026-05-16 13:51:15.599189,2026-05-16 13:51:15.599190,
36c2854d-ed1f-468a-ac82-5c1e91d61fad,Khatri Ltd AMC,153298,Active,Support,2026-03-11,2027-02-04,85cb5067-c9a3-4ea0-b695-f80c7e19abf2,2026-05-16 13:51:15.599305,2026-05-16 13:51:15.599305,
50372e30-cab8-4fb3-9bcc-e45a79ca3d2c,"Batra, Malhotra and Bakshi AMC",121900,Expired,AMC,2026-02-24,2026-12-13,a479e5cf-9f94-4433-ad29-445f2f57265f,2026-05-16 13:51:15.599426,2026-05-16 13:51:15.599427,
54fe3679-478f-4cf1-a71d-42ff9d7c1c80,Mannan PLC AMC,120656,Expiring Soon,AMC,2025-11-11,2027-01-14,b6493aae-776e-4baa-a4f2-3d0a8ebbd3a3,2026-05-16 13:51:15.599541,2026-05-16 13:51:15.599541,
c3828687-ab68-4846-81ec-ed72c5c6769c,Jha PLC AMC,124482,Expired,AMC,2025-08-08,2026-08-16,e75d85fc-9d80-421a-aa90-2624363de215,2026-05-16 13:51:15.599654,2026-05-16 13:51:15.599654,
3817d9ad-e619-4c23-9bca-98d9e1b5d14d,Divan LLC AMC,33535,Expiring Soon,Support,2026-05-02,2026-11-07,0c6634a5-fb54-4e6c-91ef-7ec0e2cc3378,2026-05-16 13:51:15.599848,2026-05-16 13:51:15.599850,
00586d97-3472-4b6b-b3c2-98fec1733041,"Toor, Borde and Ram AMC",192444,Expired,Annual,2025-06-08,2026-09-09,e441befa-88af-4f32-a4b7-caa2f90837a6,2026-05-16 13:51:15.600064,2026-05-16 13:51:15.600065,
5632cd28-9d28-4eaf-aa1d-52278c72cd56,Prabhu Inc AMC,115045,Expired,Support,2026-03-21,2026-11-15,f9140f89-9c0b-4ce1-8467-c50ef091fb7a,2026-05-16 13:51:15.600189,2026-05-16 13:51:15.600189,
fb396c23-c55d-4c4a-b314-88fc98e2cabd,Bala-Varughese AMC,179071,Active,Support,2025-12-29,2026-11-03,566164f0-b746-41f4-b85a-4806de2c294b,2026-05-16 13:51:15.600310,2026-05-16 13:51:15.600310,
771110b7-f82c-443a-baff-13e8d78f5306,Balan-Guha AMC,101515,Expired,AMC,2025-10-04,2026-05-25,3c2514fb-429d-444a-bc6c-7c4a2ce757be,2026-05-16 13:51:15.600427,2026-05-16 13:51:15.600428,
a51e502c-e7b9-4cb3-a717-59741e4116bc,"Khare, Sood and Grewal AMC",76223,Active,AMC,2025-05-28,2027-04-14,42050019-05f0-4de7-b45b-cea5eda7386f,2026-05-16 13:51:15.600572,2026-05-16 13:51:15.600572,
4457bb30-e472-4ed3-986a-89dbb5dd6a32,Wason PLC AMC,84872,Expired,Annual,2025-08-19,2027-02-24,6f9c7382-0bb3-450e-aef4-dc8380654217,2026-05-16 13:51:15.600691,2026-05-16 13:51:15.600692,
b85ff6bd-fdf9-476d-866b-b6a6d8cb438e,Kadakia-Karpe AMC,160171,Active,AMC,2025-11-29,2026-07-27,95287636-f2f6-4a35-8af3-a9fe68a5d1c0,2026-05-16 13:51:15.600809,2026-05-16 13:51:15.600810,
4fbd7c47-1f7e-4a4a-bfed-e370458d13c3,Patil and Sons AMC,56817,Active,AMC,2025-12-16,2026-09-30,0c6634a5-fb54-4e6c-91ef-7ec0e2cc3378,2026-05-16 13:51:15.600929,2026-05-16 13:51:15.600930,
2b780fbe-07e1-4de6-904b-18f80b3ed62a,"Bhakta, Dani and Panchal AMC",159024,Expiring Soon,Support,2025-07-23,2027-01-07,85cb5067-c9a3-4ea0-b695-f80c7e19abf2,2026-05-16 13:51:15.601054,2026-05-16 13:51:15.601054,
